2024-03-15 03:53:00,https://marocadres.com/Offre?id=2219
2024-03-15 03:53:00,https://marocadres.com/Offre?id=2223
2024-03-15 03:53:00,https://marocadres.com/Offre?id=2221
2024-03-15 03:53:00,https://marocadres.com/Offre?id=2220
2024-03-15 03:53:01,https://marocadres.com/Offre?id=2218
2024-03-15 03:53:01,https://marocadres.com/Offre?id=2217
2024-03-15 03:53:01,https://marocadres.com/Offre?id=2213
2024-03-15 03:53:02,https://marocadres.com/Offre?id=2212
2024-03-15 03:53:02,https://marocadres.com/Offre?id=2211
2024-03-15 03:53:02,https://marocadres.com/Offre?id=2209
2024-03-15 03:53:03,https://marocadres.com/Offre?id=2208
2024-03-15 03:53:03,https://marocadres.com/Offre?id=2206
2024-03-15 03:53:03,https://marocadres.com/Offre?id=2205
2024-03-15 03:53:04,https://marocadres.com/Offre?id=2204
2024-03-15 03:53:04,https://marocadres.com/Offre?id=2203
2024-03-15 03:53:04,https://marocadres.com/Offre?id=2202
2024-03-15 03:53:05,https://marocadres.com/Offre?id=2201
2024-03-15 03:53:05,https://marocadres.com/Offre?id=2200
2024-03-15 03:53:05,https://marocadres.com/Offre?id=2199
2024-03-15 03:53:05,https://marocadres.com/Offre?id=2198
2024-03-15 03:53:06,https://marocadres.com/Offre?id=2197
2024-03-15 03:53:06,https://marocadres.com/Offre?id=2196
2024-03-15 03:53:06,https://marocadres.com/Offre?id=2195
2024-03-15 03:53:07,https://marocadres.com/Offre?id=2194
2024-03-15 03:53:07,https://marocadres.com/Offre?id=2193
2024-03-15 03:53:07,https://marocadres.com/Offre?id=2192
2024-03-15 03:53:08,https://marocadres.com/Offre?id=2191
2024-03-15 03:53:08,https://marocadres.com/Offre?id=2190
2024-03-15 03:53:08,https://marocadres.com/Offre?id=2189
2024-03-15 03:53:09,https://marocadres.com/Offre?id=2188
2024-03-15 03:53:09,https://marocadres.com/Offre?id=2186
2024-03-15 03:53:09,https://marocadres.com/Offre?id=2187
2024-03-15 03:53:10,https://marocadres.com/Offre?id=2185
2024-03-15 03:53:10,https://marocadres.com/Offre?id=2184
2024-03-15 03:53:10,https://marocadres.com/Offre?id=2183
2024-03-15 03:53:10,https://marocadres.com/Offre?id=2182
2024-03-15 03:53:11,https://marocadres.com/Offre?id=2181
2024-03-15 03:53:11,https://marocadres.com/Offre?id=2180
2024-03-15 03:53:11,https://marocadres.com/Offre?id=2179
2024-03-15 03:53:12,https://marocadres.com/Offre?id=2178
2024-03-15 03:53:12,https://marocadres.com/Offre?id=2177
2024-03-15 03:53:12,https://marocadres.com/Offre?id=2176
2024-03-15 03:53:13,https://marocadres.com/Offre?id=2175
2024-03-15 03:53:13,https://marocadres.com/Offre?id=2174
2024-03-15 03:53:13,https://marocadres.com/Offre?id=2173
2024-03-15 03:53:14,https://marocadres.com/Offre?id=2172
2024-03-15 03:53:14,https://marocadres.com/Offre?id=2171
2024-03-15 03:53:14,https://marocadres.com/Offre?id=2169
2024-03-15 03:53:14,https://marocadres.com/Offre?id=2170
2024-03-15 03:53:15,https://marocadres.com/Offre?id=2168
2024-03-15 03:53:15,https://marocadres.com/Offre?id=2167
2024-03-15 03:53:16,https://marocadres.com/Offre?id=2166
2024-03-15 03:53:16,https://marocadres.com/Offre?id=2165
2024-03-15 03:53:16,https://marocadres.com/Offre?id=2164
2024-03-15 03:53:17,https://marocadres.com/Offre?id=2163
2024-03-15 03:53:17,https://marocadres.com/Offre?id=2162
2024-03-15 03:53:17,https://marocadres.com/Offre?id=2161
2024-03-15 03:53:17,https://marocadres.com/Offre?id=2160
2024-03-15 03:53:18,https://marocadres.com/Offre?id=2159
2024-03-15 03:53:18,https://marocadres.com/Offre?id=2158
2024-03-15 03:53:18,https://marocadres.com/Offre?id=2157
2024-03-15 03:53:19,https://marocadres.com/Offre?id=2156
2024-03-15 03:53:19,https://marocadres.com/Offre?id=2155
2024-03-15 03:53:19,https://marocadres.com/Offre?id=2154
2024-03-15 03:53:20,https://marocadres.com/Offre?id=2153
2024-03-15 03:53:20,https://marocadres.com/Offre?id=2152
2024-03-15 03:53:20,https://marocadres.com/Offre?id=2151
2024-03-15 03:53:21,https://marocadres.com/Offre?id=2150
2024-03-15 03:53:21,https://marocadres.com/Offre?id=2149
2024-03-15 03:53:21,https://marocadres.com/Offre?id=2148
2024-03-15 03:53:22,https://marocadres.com/Offre?id=2147
2024-03-15 03:53:22,https://marocadres.com/Offre?id=2146
2024-03-15 03:53:22,https://marocadres.com/Offre?id=2145
2024-03-15 03:53:22,https://marocadres.com/Offre?id=2144
2024-03-15 03:53:23,https://marocadres.com/Offre?id=2143
2024-03-15 03:53:23,https://marocadres.com/Offre?id=2142
2024-03-15 03:53:23,https://marocadres.com/Offre?id=2141
2024-03-15 03:53:24,https://marocadres.com/Offre?id=2140
2024-03-15 03:53:24,https://marocadres.com/Offre?id=2139
2024-03-15 03:53:24,https://marocadres.com/Offre?id=2138
2024-03-15 03:53:25,https://marocadres.com/Offre?id=2137
2024-03-15 03:53:25,https://marocadres.com/Offre?id=2136
2024-03-15 03:53:25,https://marocadres.com/Offre?id=2135
2024-03-15 03:53:26,https://marocadres.com/Offre?id=2134
2024-03-15 03:53:26,https://marocadres.com/Offre?id=2133
2024-03-15 03:53:26,https://marocadres.com/Offre?id=2132
2024-03-15 03:53:27,https://marocadres.com/Offre?id=2131
2024-03-15 03:53:27,https://marocadres.com/Offre?id=2130
2024-03-15 03:53:27,https://marocadres.com/Offre?id=2129
2024-03-15 03:53:27,https://marocadres.com/Offre?id=2128
2024-03-15 03:53:28,https://marocadres.com/Offre?id=2127
2024-03-15 03:53:28,https://marocadres.com/Offre?id=2126
2024-03-15 03:53:28,https://marocadres.com/Offre?id=2125
2024-03-15 03:53:29,https://marocadres.com/Offre?id=2124
2024-03-15 03:53:29,https://marocadres.com/Offre?id=2123
2024-03-15 03:53:29,https://marocadres.com/Offre?id=2122
2024-03-15 03:53:30,https://marocadres.com/Offre?id=2121
2024-03-15 03:53:30,https://marocadres.com/Offre?id=2120
2024-03-15 03:53:30,https://marocadres.com/Offre?id=2119
2024-03-15 03:53:31,https://marocadres.com/Offre?id=2118
2024-03-15 03:53:31,https://marocadres.com/Offre?id=2117
2024-03-15 03:53:31,https://marocadres.com/Offre?id=2116
2024-03-15 03:53:32,https://marocadres.com/Offre?id=2115
2024-03-15 03:53:32,https://marocadres.com/Offre?id=2114
2024-03-15 03:53:32,https://marocadres.com/Offre?id=2113
2024-03-15 03:53:33,https://marocadres.com/Offre?id=2112
2024-03-15 03:53:33,https://marocadres.com/Offre?id=2111
2024-03-15 03:53:33,https://marocadres.com/Offre?id=2110
2024-03-15 03:53:34,https://marocadres.com/Offre?id=2109
2024-03-15 03:53:34,https://marocadres.com/Offre?id=2108
2024-03-15 03:53:34,https://marocadres.com/Offre?id=2107
2024-03-15 03:53:35,https://marocadres.com/Offre?id=2106
2024-03-15 03:53:35,https://marocadres.com/Offre?id=2105
2024-03-15 03:53:35,https://marocadres.com/Offre?id=2104
2024-03-15 03:53:36,https://marocadres.com/Offre?id=2103
2024-03-15 03:53:36,https://marocadres.com/Offre?id=2102
2024-03-15 03:53:36,https://marocadres.com/Offre?id=2101
2024-03-15 03:53:36,https://marocadres.com/Offre?id=2100
2024-03-15 03:53:37,https://marocadres.com/Offre?id=2099
2024-03-15 03:53:37,https://marocadres.com/Offre?id=2098
2024-03-15 03:53:37,https://marocadres.com/Offre?id=2097
2024-03-15 03:53:38,https://marocadres.com/Offre?id=2096
2024-03-15 03:53:38,https://marocadres.com/Offre?id=2095
2024-03-15 03:53:38,https://marocadres.com/Offre?id=2094
2024-03-15 03:53:39,https://marocadres.com/Offre?id=2093
2024-03-15 03:53:39,https://marocadres.com/Offre?id=2092
2024-03-15 03:53:39,https://marocadres.com/Offre?id=2091
2024-03-15 03:53:40,https://marocadres.com/Offre?id=2090
2024-03-15 03:53:40,https://marocadres.com/Offre?id=2089
2024-03-15 03:53:40,https://marocadres.com/Offre?id=2088
2024-03-15 03:53:40,https://marocadres.com/Offre?id=2087
2024-03-15 03:53:41,https://marocadres.com/Offre?id=2086
2024-03-15 03:53:41,https://marocadres.com/Offre?id=1897
2024-03-15 03:53:41,https://marocadres.com/Offre?id=2083
2024-03-15 03:53:42,https://marocadres.com/Offre?id=2082
2024-03-15 03:53:42,https://marocadres.com/Offre?id=2081
2024-03-15 03:53:42,https://marocadres.com/Offre?id=2080
2024-03-15 03:53:43,https://marocadres.com/Offre?id=2079
2024-03-15 03:53:43,https://marocadres.com/Offre?id=2078
2024-03-15 03:53:43,https://marocadres.com/Offre?id=2077
2024-03-15 03:53:44,https://marocadres.com/Offre?id=2076
2024-03-15 03:53:44,https://marocadres.com/Offre?id=2075
2024-03-15 03:53:44,https://marocadres.com/Offre?id=2074
2024-03-15 03:53:45,https://marocadres.com/Offre?id=2073
2024-03-15 03:53:45,https://marocadres.com/Offre?id=2072
2024-03-15 03:53:45,https://marocadres.com/Offre?id=2071
2024-03-15 03:53:46,https://marocadres.com/Offre?id=2070
2024-03-15 03:53:46,https://marocadres.com/Offre?id=2069
2024-03-15 03:53:46,https://marocadres.com/Offre?id=2068
2024-03-15 03:53:46,https://marocadres.com/Offre?id=2067
2024-03-15 03:53:47,https://marocadres.com/Offre?id=2066
2024-03-15 03:53:47,https://marocadres.com/Offre?id=2065
2024-03-15 03:53:47,https://marocadres.com/Offre?id=2064
2024-03-15 03:53:48,https://marocadres.com/Offre?id=2063
2024-03-15 03:53:48,https://marocadres.com/Offre?id=2062
2024-03-15 03:53:48,https://marocadres.com/Offre?id=2061
2024-03-15 03:53:49,https://marocadres.com/Offre?id=2060
2024-03-15 03:53:49,https://marocadres.com/Offre?id=2059
2024-03-15 03:53:49,https://marocadres.com/Offre?id=2058
2024-03-15 03:53:50,https://marocadres.com/Offre?id=2057
2024-03-15 03:53:50,https://marocadres.com/Offre?id=2056
2024-03-15 03:53:50,https://marocadres.com/Offre?id=2054
2024-03-15 03:53:51,https://marocadres.com/Offre?id=2053
2024-03-15 03:53:51,https://marocadres.com/Offre?id=2052
2024-03-15 03:53:51,https://marocadres.com/Offre?id=2051
2024-03-15 03:53:52,https://marocadres.com/Offre?id=2050
2024-03-15 03:53:52,https://marocadres.com/Offre?id=2049
2024-03-15 03:53:52,https://marocadres.com/Offre?id=2048
2024-03-15 03:53:53,https://marocadres.com/Offre?id=2047
2024-03-15 03:53:53,https://marocadres.com/Offre?id=2046
2024-03-15 03:53:53,https://marocadres.com/Offre?id=2045
2024-03-15 03:53:54,https://marocadres.com/Offre?id=2044
2024-03-15 03:53:54,https://marocadres.com/Offre?id=2043
2024-03-15 03:53:54,https://marocadres.com/Offre?id=2042
2024-03-15 03:53:54,https://marocadres.com/Offre?id=2041
2024-03-15 03:53:55,https://marocadres.com/Offre?id=2040
2024-03-15 03:53:55,https://marocadres.com/Offre?id=2039
2024-03-15 03:53:55,https://marocadres.com/Offre?id=2038
2024-03-15 03:53:56,https://marocadres.com/Offre?id=2037
2024-03-15 03:53:56,https://marocadres.com/Offre?id=2036
2024-03-15 03:53:56,https://marocadres.com/Offre?id=2034
2024-03-15 03:53:57,https://marocadres.com/Offre?id=2033
2024-03-15 03:53:57,https://marocadres.com/Offre?id=2032
2024-03-15 03:53:57,https://marocadres.com/Offre?id=2031
2024-03-15 03:53:58,https://marocadres.com/Offre?id=2030
2024-03-15 03:53:58,https://marocadres.com/Offre?id=2029
2024-03-15 03:53:58,https://marocadres.com/Offre?id=2028
2024-03-15 03:53:59,https://marocadres.com/Offre?id=2027
2024-03-15 03:53:59,https://marocadres.com/Offre?id=2026
2024-03-15 03:53:59,https://marocadres.com/Offre?id=2025
2024-03-15 03:53:59,https://marocadres.com/Offre?id=2024
2024-03-15 03:54:00,https://marocadres.com/Offre?id=2023
2024-03-15 03:54:00,https://marocadres.com/Offre?id=2022
2024-03-15 03:54:00,https://marocadres.com/Offre?id=2021
2024-03-15 03:54:01,https://marocadres.com/Offre?id=2020
2024-03-15 03:54:01,https://marocadres.com/Offre?id=2019
2024-03-15 03:54:02,https://marocadres.com/Offre?id=2018
2024-03-15 03:54:02,https://marocadres.com/Offre?id=2017
2024-03-15 03:54:02,https://marocadres.com/Offre?id=2016
2024-03-15 03:54:02,https://marocadres.com/Offre?id=2015
2024-03-15 03:54:03,https://marocadres.com/Offre?id=2014
2024-03-15 03:54:03,https://marocadres.com/Offre?id=2013
2024-03-15 03:54:03,https://marocadres.com/Offre?id=2012
2024-03-15 03:54:04,https://marocadres.com/Offre?id=2011
2024-03-15 03:54:04,https://marocadres.com/Offre?id=2010
2024-03-15 03:54:04,https://marocadres.com/Offre?id=2009
2024-03-15 03:54:05,https://marocadres.com/Offre?id=2008
2024-03-15 03:54:05,https://marocadres.com/Offre?id=2007
2024-03-15 03:54:05,https://marocadres.com/Offre?id=2006
2024-03-15 03:54:06,https://marocadres.com/Offre?id=2005
2024-03-15 03:54:06,https://marocadres.com/Offre?id=2004
2024-03-15 03:54:06,https://marocadres.com/Offre?id=2003
2024-03-15 03:54:07,https://marocadres.com/Offre?id=2002
2024-03-15 03:54:07,https://marocadres.com/Offre?id=2001
2024-03-15 03:54:07,https://marocadres.com/Offre?id=2000
2024-03-15 03:54:08,https://marocadres.com/Offre?id=1999
2024-03-15 03:54:08,https://marocadres.com/Offre?id=1998
2024-03-15 03:54:08,https://marocadres.com/Offre?id=1997
2024-03-15 03:54:08,https://marocadres.com/Offre?id=1996
2024-03-15 03:54:09,https://marocadres.com/Offre?id=1995
2024-03-15 03:54:09,https://marocadres.com/Offre?id=1994
2024-03-15 03:54:09,https://marocadres.com/Offre?id=1993
2024-03-15 03:54:10,https://marocadres.com/Offre?id=1992
2024-03-15 03:54:10,https://marocadres.com/Offre?id=1991
2024-03-15 03:54:10,https://marocadres.com/Offre?id=1990
2024-03-15 03:54:11,https://marocadres.com/Offre?id=1989
