2024-03-12 22:40:33,https://www.m-job.ma/offres-emploi/120252-marrakech-charges-de-clientele-en-langue-allemande-reception-dappels-4-marrakech
2024-03-12 22:40:40,https://www.m-job.ma/offres-emploi/120251-casa-conseillers-francophones-en-assurances-reception-dappels-12-casablanca
2024-03-12 22:40:47,https://www.m-job.ma/offres-emploi/120250-casablanca-teleconseillers-pour-service-client-a-casanearshore-6-casablanca
2024-03-12 22:40:55,https://www.m-job.ma/offres-emploi/120246-conseiller-clientele-francophone-reception-secteur-automobile-casa-15-casablanca
2024-03-12 22:41:03,https://www.m-job.ma/offres-emploi/120245-marrakech-teleconseillers-bilingues-francais-anglais-en-reception-dappels-17-marrakech
2024-03-12 22:41:11,https://www.m-job.ma/offres-emploi/120244-casa-conseiller-en-assurance-francophone-en-reception-dappels-6-casablanca
2024-03-12 22:41:19,https://www.m-job.ma/offres-emploi/120243-marrakech-charges-de-clientele-germanophone-en-reception-dappels-2-marrakech
2024-03-12 22:41:26,https://www.m-job.ma/offres-emploi/120240-annonce-salaire-competitif-allant-jusqua-25000-dh-pour-travailler-dans-notre-centre-dappels-rabat
2024-03-12 22:41:33,https://www.m-job.ma/offres-emploi/120236-recrutement-massif-teleconseiller-en-prise-de-rendez-vous-auditif-kenitra
2024-03-12 22:41:41,https://www.m-job.ma/offres-emploi/120239-casa-conseillers-clientele-francophone-en-reception-dappels-a-roches-noires-2-casablanca
2024-03-12 22:41:48,https://www.m-job.ma/offres-emploi/120238-conseiller-clientele-francophone-reception-secteur-automobile-casa-14-casablanca
2024-03-12 22:41:56,https://www.m-job.ma/offres-emploi/120237-casablanca-teleconseillers-francophones-pour-service-client-a-sidi-maarouf-3-casablanca
2024-03-12 22:42:02,https://www.m-job.ma/offres-emploi/120235-declarant-en-douane-18-casablanca
2024-03-12 22:42:09,https://www.m-job.ma/offres-emploi/120234-commerciaux-experts-en-mutuelle-sante-senior-casablanca
2024-03-12 22:42:16,https://www.m-job.ma/offres-emploi/120233-cadres-commerciaux-sedentaires-b2b-junior-9-casablanca
2024-03-12 22:42:22,https://www.m-job.ma/offres-emploi/120232-offre-demploi-dun-agent-commercial-et-de-reservation-2-fes
2024-03-12 22:42:30,https://www.m-job.ma/offres-emploi/120231-casablanca-4500-dhs-primes-assurance-francophone-en-reception-dappels-13-casablanca
2024-03-12 22:42:38,https://www.m-job.ma/offres-emploi/120230-casa-reception-dappels-francophones-service-client-mobile-a-casanearshore-5-casablanca
2024-03-12 22:42:46,https://www.m-job.ma/offres-emploi/120229-marrakech-teleconseillers-bilingues-franco-anglophones-en-reception-dappels-5500dhs-primes-8-marrakech
2024-03-12 22:42:53,https://www.m-job.ma/offres-emploi/120218-bilingues-en-reception-dappels-a-marrakech-marrakech
2024-03-12 22:43:07,https://www.m-job.ma/offres-emploi/120217-francophone-en-reception-dappels-a-casablanca-4-casablanca
2024-03-12 22:43:15,https://www.m-job.ma/offres-emploi/120228-marrakech-charges-de-clientele-germanophones-en-reception-dappels-marrakech
2024-03-12 22:43:21,https://www.m-job.ma/offres-emploi/120223-charge-de-communication-stage-pre-embauche-rabat
2024-03-12 22:43:27,https://www.m-job.ma/offres-emploi/120222-chargee-des-achats-et-moyens-generaux-3-casablanca
2024-03-12 22:43:35,https://www.m-job.ma/offres-emploi/120211-courtier-francais-en-assurance-recrute-en-cdi-commerciaux-en-assurance-sante-et-auto-rem-jusqua-30-000-dhs-43-rabat
2024-03-12 22:43:42,https://www.m-job.ma/offres-emploi/120227-marrakech-charges-de-clientele-en-langue-allemande-reception-dappels-2-marrakech
2024-03-12 22:43:50,https://www.m-job.ma/offres-emploi/120226-reception-service-client-pour-un-groupe-automobile-international-casa-3-casablanca
2024-03-12 22:43:58,https://www.m-job.ma/offres-emploi/120225-casa-conseillers-en-assurance-francophone-en-reception-dappels-transport-assure-casablanca
2024-03-12 22:44:06,https://www.m-job.ma/offres-emploi/120224-casa-conseiller-clientele-parfaitement-francophone-reception-dappels-a-sidi-maarouf-casablanca
2024-03-12 22:44:13,https://www.m-job.ma/offres-emploi/120221-marrakech-cc-germanophones-en-reception-dappels-transport-assure-marrakech
2024-03-12 22:44:20,https://www.m-job.ma/offres-emploi/120220-casa-teleconseillers-francophones-en-reception-dappels-primes-deplafonnees-casanearshore-casablanca
2024-03-12 22:44:28,https://www.m-job.ma/offres-emploi/120219-casa-conseillers-clientele-francophone-en-reception-dappels-a-roches-noires-casablanca
2024-03-12 22:44:36,https://www.m-job.ma/offres-emploi/120213-conseillers-commerciaux-experts-en-assurancemutuelle-sante-salaire-jusqua-30-000-dhs-courtier-francais-106-rabat
2024-03-12 22:44:42,https://www.m-job.ma/offres-emploi/120216-on-recrute-en-masse-pour-des-profils-franco-anglophone-sur-marrakech-marrakech
2024-03-12 22:44:50,https://www.m-job.ma/offres-emploi/120215-sur-marrakech-on-recrute-en-reception-sur-casa-et-sur-marrakech-marrakech
2024-03-12 22:44:57,https://www.m-job.ma/offres-emploi/120214-charge-de-clienteles-en-reception-sur-casa-casablanca
2024-03-12 22:45:05,https://www.m-job.ma/offres-emploi/120212-conseillers-commerciaux-experts-en-assurance-sante-auto-decennale-rem-jusqua-35-000-dhs-45-rabat
2024-03-12 22:45:11,https://www.m-job.ma/offres-emploi/120210-agents-de-reservation-franco-anglophones-a-marrakech-meknes-et-agadir-meknes
2024-03-12 22:45:19,https://www.m-job.ma/offres-emploi/120209-charges-de-clientele-en-reception-dappels-service-automobile-gestion-de-sinistres-telecom-casablanca
2024-03-12 22:45:27,https://www.m-job.ma/offres-emploi/120208-conseiller-en-assurance-automobile-72-rabat
2024-03-12 22:45:41,https://www.m-job.ma/offres-emploi/120207-teleconseillers-francophones-en-emission-dappels-primes-deplafonnees-2-meknes
2024-03-12 22:45:47,https://www.m-job.ma/offres-emploi/120206-commercial-de-terrain-5-casablanca
2024-03-12 22:45:53,https://www.m-job.ma/offres-emploi/120205-commercial-de-terrain-4-casablanca
2024-03-12 22:46:00,https://www.m-job.ma/offres-emploi/120204-teleconseillerre-en-assurance-francaise-3-rabat
2024-03-12 22:46:09,https://www.m-job.ma/offres-emploi/120203-assurance-francophone-en-reception-gestion-des-dossiers-de-sinistres-casa-2-casablanca
2024-03-12 22:46:17,https://www.m-job.ma/offres-emploi/120202-casa-reception-dappels-francophones-service-client-mobile-a-casanearshore-4-casablanca
2024-03-12 22:46:24,https://www.m-job.ma/offres-emploi/120201-marrakech-teleconseillers-bilingues-franco-anglophones-en-reception-dappels-5500dhs-primes-7-marrakech
2024-03-12 22:46:31,https://www.m-job.ma/offres-emploi/120198-20-teleconseillers-debutants-et-experimentes-4-rabat
2024-03-12 22:46:37,https://www.m-job.ma/offres-emploi/120197-comptable-promotion-immobiliere-tanger
2024-03-12 22:46:44,https://www.m-job.ma/offres-emploi/120195-commerciaux-assurances-6000dhprimes-5-rabat
2024-03-12 22:46:52,https://www.m-job.ma/offres-emploi/120200-casa-conseillers-commerciaux-francophones-en-btob-secteur-bancaire-experience-exigee-6-casablanca
2024-03-12 22:46:59,https://www.m-job.ma/offres-emploi/120199-marrakech-charges-de-clientele-germanophone-en-reception-dappels-marrakech
2024-03-12 22:47:07,https://www.m-job.ma/offres-emploi/120196-casablanca-reception-dappel-parfaitement-francophone-service-client-15-casablanca
2024-03-12 22:47:15,https://www.m-job.ma/offres-emploi/120194-casablanca-4500-dhs-primes-assurance-francophone-en-reception-dappels-12-casablanca
2024-03-12 22:47:22,https://www.m-job.ma/offres-emploi/120193-marrakech-charges-de-clientele-en-langue-allemande-reception-dappels-marrakech
2024-03-12 22:47:30,https://www.m-job.ma/offres-emploi/120192-conseiller-clientele-francophone-reception-secteur-automobile-casa-13-casablanca
2024-03-12 22:47:37,https://www.m-job.ma/offres-emploi/120191-casa-teleconseillers-francophones-en-reception-dappels-primes-deplafonnees-4-casablanca
2024-03-12 22:47:45,https://www.m-job.ma/offres-emploi/120190-conseillers-commerciaux-experts-en-assurancemutuelle-sante-salaire-jusqua-30-000-dhs-courtier-francais-105-rabat
2024-03-12 22:47:53,https://www.m-job.ma/offres-emploi/120189-conseillers-commerciaux-experts-en-assurance-sante-auto-decennale-rem-jusqua-35-000-dhs-44-rabat
2024-03-12 22:48:01,https://www.m-job.ma/offres-emploi/120188-courtier-francais-en-assurance-recrute-en-cdi-commerciaux-en-assurance-sante-et-auto-rem-jusqua-30-000-dhs-42-rabat
2024-03-12 22:48:16,https://www.m-job.ma/offres-emploi/120187-experts-en-mutuelle-sante-salaire-de-6000dh-a-11000dh-primes-rabat-et-casa-4-rabat
2024-03-12 22:48:23,https://www.m-job.ma/offres-emploi/120186-experts-en-assurance-decennale-salaire-de-6000dh-primes-rabat
2024-03-12 22:48:29,https://www.m-job.ma/offres-emploi/120185-charge-de-recrutement-et-gestion-administrative-call-center-rabat
2024-03-12 22:48:36,https://www.m-job.ma/offres-emploi/120184-charges-clientele-germanophones-salaire-netprimes-marrakech
2024-03-12 22:48:43,https://www.m-job.ma/offres-emploi/120183-charges-clientele-reception-dappels-4500dhsprimes-25-casablanca
2024-03-12 22:48:50,https://www.m-job.ma/offres-emploi/120182-charges-clientele-reception-dappels-anglaisfrancais5000dhsprimes-rabat
2024-03-12 22:48:56,https://www.m-job.ma/offres-emploi/120181-formateurtrice-e-commerce-rabat
2024-03-12 22:49:03,https://www.m-job.ma/offres-emploi/120180-cadres-commerciaux-sedentaires-b2b-junior-8-casablanca
2024-03-12 22:49:11,https://www.m-job.ma/offres-emploi/120176-conseiller-en-assurance-automobile-71-rabat
2024-03-12 22:49:18,https://www.m-job.ma/offres-emploi/120179-casablanca-reception-dappel-parfaitement-francophone-service-client-14-casablanca
2024-03-12 22:49:26,https://www.m-job.ma/offres-emploi/120178-casa-agents-de-recouvrement-francophone-prime-commerciale-casablanca
2024-03-12 22:49:32,https://www.m-job.ma/offres-emploi/120177-marrakech-charges-de-clientele-en-langue-allemande-3-marrakech
2024-03-12 22:49:39,https://www.m-job.ma/offres-emploi/120175-marrakech-charges-de-clientele-en-langue-allemande-2-marrakech
2024-03-12 22:49:46,https://www.m-job.ma/offres-emploi/120174-teleconseillere-francophone-avec-ou-sans-experience-tanger
2024-03-12 22:49:54,https://www.m-job.ma/offres-emploi/120173-marrakech-teleconseillers-bilingues-francais-anglais-en-reception-dappels-16-marrakech
2024-03-12 22:50:01,https://www.m-job.ma/offres-emploi/120172-casablanca-reception-dappels-francophones-au-centre-ville-16-casablanca
2024-03-12 22:50:09,https://www.m-job.ma/offres-emploi/120171-casa-conseiller-clientele-parfaitement-francophone-reception-dappels-4-casablanca
2024-03-12 22:50:17,https://www.m-job.ma/offres-emploi/120170-conseillers-commerciaux-francophones-5250dhs-primes-illimitees-9h-19h-casablanca
2024-03-12 22:50:24,https://www.m-job.ma/offres-emploi/120169-marrakech-charges-de-clientele-en-langue-allemande-6222dhs-primes-marrakech
2024-03-12 22:50:31,https://www.m-job.ma/offres-emploi/120168-reception-service-client-pour-un-groupe-automobile-international-casa-2-casablanca
2024-03-12 22:50:48,https://www.m-job.ma/offres-emploi/120167-casablanca-conseillers-commerciaux-en-reception-dappels-primes-illimitees-6-casablanca
2024-03-12 22:50:54,https://www.m-job.ma/offres-emploi/120166-comptable-109-tanger
2024-03-12 22:51:01,https://www.m-job.ma/offres-emploi/120165-personnel-centre-soutien-scolaire-et-de-langues-a-agadir-agadir
2024-03-12 22:51:07,https://www.m-job.ma/offres-emploi/120164-consultante-business-developpeur-en-assurances-a-mohammedia-119-casablanca
2024-03-12 22:51:14,https://www.m-job.ma/offres-emploi/120163-teleconseillere-commerciale-specialistes-assurances-energies-renouvelables-telephonie-mobile-mohamedia-135-casablanca
2024-03-12 22:51:20,https://www.m-job.ma/offres-emploi/120162-assistante-administrative-33-temara
2024-03-12 22:51:27,https://www.m-job.ma/offres-emploi/120161-employe-service-clientele-casablanca
2024-03-12 22:51:34,https://www.m-job.ma/offres-emploi/120160-marrakech-profils-bilingues-francais-anglais-en-reception-transport-assure-11-marrakech
2024-03-12 22:51:42,https://www.m-job.ma/offres-emploi/120158-casa-conseiller-en-assurance-francophone-en-reception-dappels-5-casablanca
2024-03-12 22:51:50,https://www.m-job.ma/offres-emploi/120157-casablanca-reception-dappels-francophones-au-centre-ville-15-casablanca
2024-03-12 22:51:57,https://www.m-job.ma/offres-emploi/120156-commerciaux-en-reception-dappel-5200dhs-primes-illimitees-4-casablanca
2024-03-12 22:52:05,https://www.m-job.ma/offres-emploi/120155-casa-conseillers-commerciaux-francophones-en-btob-secteur-bancaire-experience-exigee-5-casablanca
2024-03-12 22:52:12,https://www.m-job.ma/offres-emploi/120153-recrutement-massif-teleconseiller-en-prise-de-rendez-vous-kenitra
2024-03-12 22:52:20,https://www.m-job.ma/offres-emploi/120154-marrakech-service-client-bilingue-franco-anglophone-pour-centrale-de-reservation-internationale-10-marrakech
2024-03-12 22:52:26,https://www.m-job.ma/offres-emploi/120152-hotesse-daccueil-14-marrakech
2024-03-12 22:52:33,https://www.m-job.ma/offres-emploi/120151-marrakech-charges-de-clientele-en-langue-allemande-marrakech
2024-03-12 22:52:41,https://www.m-job.ma/offres-emploi/120150-casa-conseiller-client-francophone-service-apres-vente-automobile-6-casablanca
2024-03-12 22:52:50,https://www.m-job.ma/offres-emploi/120149-casa-conseiller-clientele-parfaitement-francophone-reception-dappels-3-casablanca
2024-03-12 22:52:57,https://www.m-job.ma/offres-emploi/120148-conseillers-commerciaux-experts-en-assurance-sante-auto-decennale-rem-jusqua-35-000-dhs-43-rabat
2024-03-12 22:53:05,https://www.m-job.ma/offres-emploi/120147-conseillers-commerciaux-experts-en-assurancemutuelle-sante-salaire-jusqua-30-000-dhs-courtier-francais-104-rabat
2024-03-12 22:53:19,https://www.m-job.ma/offres-emploi/120146-courtier-francais-en-assurance-recrute-en-cdi-commerciaux-en-assurance-sante-et-auto-rem-jusqua-30-000-dhs-41-rabat
2024-03-12 22:53:27,https://www.m-job.ma/offres-emploi/120142-francophone-en-reception-dappels-a-casablanca-3-casablanca
2024-03-12 22:53:34,https://www.m-job.ma/offres-emploi/120145-marrakech-service-client-bilingue-franco-anglophone-pour-centrale-de-reservation-internationale-9-marrakech
2024-03-12 22:53:42,https://www.m-job.ma/offres-emploi/120144-commerciaux-en-reception-dappel-5200dhs-primes-illimitees-3-casablanca
2024-03-12 22:53:51,https://www.m-job.ma/offres-emploi/120143-casa-conseillers-commerciaux-francophones-en-btob-secteur-bancaire-experience-exigee-4-casablanca
2024-03-12 22:53:58,https://www.m-job.ma/offres-emploi/120141-marrakech-profils-bilingues-franco-anglophones-en-reception-dappels-secteur-du-tourisme-10-marrakech
2024-03-12 22:54:05,https://www.m-job.ma/offres-emploi/120136-recherche-applicateur-de-beton-cire-et-peinture-decorative-casablanca
2024-03-12 22:54:11,https://www.m-job.ma/offres-emploi/120135-recherche-dune-community-manager-dynamique-et-creatifve-2-casablanca
2024-03-12 22:54:18,https://www.m-job.ma/offres-emploi/120134-medecin-ou-pharmacien-sur-casablanca-formateur-casablanca
2024-03-12 22:54:24,https://www.m-job.ma/offres-emploi/120133-medecin-ou-pharmacien-sur-rabat-2-rabat
2024-03-12 22:54:31,https://www.m-job.ma/offres-emploi/120132-teleoperadores-en-espanol-tanger
2024-03-12 22:54:38,https://www.m-job.ma/offres-emploi/120128-conseiller-client-marche-belge-kenitra
2024-03-12 22:54:46,https://www.m-job.ma/offres-emploi/120140-marrakech-teleconseillers-bilingues-franco-anglophones-en-reception-dappels-5500dhs-primes-6-marrakech
2024-03-12 22:54:53,https://www.m-job.ma/offres-emploi/120139-casablanca-reception-dappels-francophones-au-centre-ville-14-casablanca
2024-03-12 22:55:00,https://www.m-job.ma/offres-emploi/120138-conseiller-clientele-francophone-reception-secteur-automobile-casa-12-casablanca
2024-03-12 22:55:09,https://www.m-job.ma/offres-emploi/120137-casa-conseiller-en-assurance-francophone-en-reception-dappels-4-casablanca
2024-03-12 22:55:17,https://www.m-job.ma/offres-emploi/120131-marrakech-teleconseillers-bilingues-francais-anglais-en-reception-dappels-15-marrakech
2024-03-12 22:55:25,https://www.m-job.ma/offres-emploi/120130-casablanca-reception-dappel-parfaitement-francophone-service-client-13-casablanca
2024-03-12 22:55:31,https://www.m-job.ma/offres-emploi/120127-stagiaire-assistante-rh-pour-une-duree-de-3-mois-casablanca
2024-03-12 22:55:38,https://www.m-job.ma/offres-emploi/120126-televendeur-francophone-bilingue-avec-experience-week-end-off-rabat
2024-03-12 22:55:52,https://www.m-job.ma/offres-emploi/120125-agents-qualification-de-leads-casablanca
2024-03-12 22:55:58,https://www.m-job.ma/offres-emploi/120124-ingenieur-qualite-4-casablanca
2024-03-12 22:56:06,https://www.m-job.ma/offres-emploi/120123-casablanca-conseillers-commerciaux-en-reception-dappels-primes-illimitees-5-casablanca
2024-03-12 22:56:13,https://www.m-job.ma/offres-emploi/120122-charge-de-clientele-en-reception-bilingue-francais-anglais-casa-casablanca
2024-03-12 22:56:21,https://www.m-job.ma/offres-emploi/120121-casablanca-teleconseillers-francophones-en-reception-dappels-rebond-commercial-casablanca
2024-03-12 22:56:28,https://www.m-job.ma/offres-emploi/120120-casablanca-teleconseillers-francophones-pour-service-client-a-casanearshore-11-casablanca
2024-03-12 22:56:35,https://www.m-job.ma/offres-emploi/120119-marrakech-teleconseillers-bilingues-franco-anglophones-en-reception-dappels-5500dhs-primes-5-marrakech
2024-03-12 22:56:41,https://www.m-job.ma/offres-emploi/120110-conseilleres-clienteles-a-el-jadida-casablanca
2024-03-12 22:56:49,https://www.m-job.ma/offres-emploi/120116-commerciaux-francophones-expert-en-assurance-automotodecennalemutuelle-sante-reception-dappels-hf-rabatsale-primes-deplafonnees-contrat-cdi-salé
2024-03-12 22:56:57,https://www.m-job.ma/offres-emploi/120117-commerciaux-francophones-expert-en-assurance-automotodecennale-reception-dappels-hf-rabatsale-primes-deplafonnees-contrat-cdi-possibilite-du-teletravail-meknes
2024-03-12 22:57:05,https://www.m-job.ma/offres-emploi/120118-commerciaux-francophones-expert-en-assurance-automotodecennale-reception-dappels-hf-rabatsale-primes-deplafonnees-contrat-cdi-6-kenitra
2024-03-12 22:57:12,https://www.m-job.ma/offres-emploi/120109-cadres-commerciaux-sedentaires-b2b-89-casablanca
2024-03-12 22:57:20,https://www.m-job.ma/offres-emploi/120115-casa-commerciaux-en-reception-dappels-5200dhs-primes-illimitees-casablanca
2024-03-12 22:57:28,https://www.m-job.ma/offres-emploi/120114-casa-conseillers-commerciaux-francophones-en-btob-secteur-bancaire-experience-exigee-3-casablanca
2024-03-12 22:57:35,https://www.m-job.ma/offres-emploi/120113-marrakech-teleconseillers-bilingues-francais-anglais-en-reception-dappels-14-marrakech
2024-03-12 22:57:43,https://www.m-job.ma/offres-emploi/120111-conseiller-clientele-francophone-reception-secteur-automobile-casa-11-casablanca
2024-03-12 22:57:49,https://www.m-job.ma/offres-emploi/120108-responsable-achats-5-fes
2024-03-12 22:57:56,https://www.m-job.ma/offres-emploi/120107-salaire-competitif-allant-jusqua-25000-dh-pour-travailler-dans-notre-centre-dappels-rabat
2024-03-12 22:58:04,https://www.m-job.ma/offres-emploi/120105-conseillers-commerciaux-experts-en-assurancemutuelle-sante-salaire-jusqua-30-000-dhs-courtier-francais-103-rabat
2024-03-12 22:58:11,https://www.m-job.ma/offres-emploi/120104-conseillers-commerciaux-experts-en-assurance-sante-auto-decennale-rem-jusqua-35-000-dhs-42-rabat
2024-03-12 22:58:26,https://www.m-job.ma/offres-emploi/120101-courtier-francais-en-assurance-recrute-en-cdi-commerciaux-en-assurance-sante-et-auto-rem-jusqua-30-000-dhs-40-rabat
2024-03-12 22:58:33,https://www.m-job.ma/offres-emploi/120100-francophone-en-reception-dappels-a-marrakech-2-marrakech
2024-03-12 22:58:40,https://www.m-job.ma/offres-emploi/120099-francophone-en-reception-dappels-a-casablanca-2-casablanca
2024-03-12 22:58:47,https://www.m-job.ma/offres-emploi/120098-marrakech-profils-bilingues-francais-anglais-en-reception-transport-assure-10-marrakech
2024-03-12 22:58:55,https://www.m-job.ma/offres-emploi/120097-reception-service-client-francophone-pour-un-groupe-automobile-international-casa-2-casablanca
2024-03-12 22:59:02,https://www.m-job.ma/offres-emploi/120096-casablanca-teleconseillers-francophones-pour-service-client-a-casanearshore-10-casablanca
2024-03-12 22:59:09,https://www.m-job.ma/offres-emploi/120095-commerciaux-assurances-10-rabat
2024-03-12 22:59:16,https://www.m-job.ma/offres-emploi/120094-teleconseillers-debutants-27-rabat
2024-03-12 22:59:23,https://www.m-job.ma/offres-emploi/120093-commerciaux-en-reception-dappels-5200dhs-primes-illimitees-casablanca
2024-03-12 22:59:31,https://www.m-job.ma/offres-emploi/120092-casa-conseillers-commerciaux-francophones-en-btob-secteur-bancaire-experience-exigee-2-casablanca
2024-03-12 22:59:38,https://www.m-job.ma/offres-emploi/120091-marrakech-profils-bilingues-franco-anglophones-en-reception-dappels-secteur-du-tourisme-9-marrakech
2024-03-12 22:59:46,https://www.m-job.ma/offres-emploi/120089-conseiller-en-vente-mutuelle-sante-casablanca
2024-03-12 22:59:53,https://www.m-job.ma/offres-emploi/120087-courtier-francais-en-assurance-recrute-en-cdi-commerciaux-en-assurance-sante-et-auto-rem-jusqua-30-000-dhs-39-rabat
2024-03-12 23:00:00,https://www.m-job.ma/offres-emploi/120086-conseillers-commerciaux-experts-en-assurance-sante-auto-decennale-rem-jusqua-35-000-dhs-41-rabat
2024-03-12 23:00:08,https://www.m-job.ma/offres-emploi/120085-conseillers-commerciaux-experts-en-assurancemutuelle-sante-salaire-jusqua-30-000-dhs-courtier-francais-102-rabat
2024-03-12 23:00:16,https://www.m-job.ma/offres-emploi/120084-marrakech-teleconseillers-bilingues-franco-anglophones-en-reception-dappels-5500dhs-primes-4-marrakech
2024-03-12 23:00:23,https://www.m-job.ma/offres-emploi/120083-casablanca-reception-dappels-francophones-au-centre-ville-13-casablanca
2024-03-12 23:00:31,https://www.m-job.ma/offres-emploi/120082-casa-conseiller-client-francophone-service-apres-vente-automobile-5-casablanca
2024-03-12 23:00:38,https://www.m-job.ma/offres-emploi/120081-commerciaux-experts-en-assurance-sante-casablanca
2024-03-12 23:00:46,https://www.m-job.ma/offres-emploi/120080-francophone-en-reception-dappels-a-marrakech-marrakech
2024-03-12 23:00:59,https://www.m-job.ma/offres-emploi/120079-auditeur-consultant-casablanca
2024-03-12 23:01:07,https://www.m-job.ma/offres-emploi/120078-francophone-en-reception-dappels-a-casablanca-casablanca
2024-03-12 23:01:14,https://www.m-job.ma/offres-emploi/120077-agent-service-client-maroc-casablanca
2024-03-12 23:01:22,https://www.m-job.ma/offres-emploi/120076-opportunite-de-carriere-devenez-conseiller-commercial-en-assurance-a-rabat-rabat
2024-03-12 23:01:28,https://www.m-job.ma/offres-emploi/120075-technicien-reseau-avec-ou-sans-experience-tanger
2024-03-12 23:01:34,https://www.m-job.ma/offres-emploi/120074-cadres-commerciaux-sedentaires-b2b-junior-7-casablanca
2024-03-12 23:01:42,https://www.m-job.ma/offres-emploi/120073-marrakech-teleconseillers-bilingues-francais-anglais-en-reception-dappels-13-marrakech
2024-03-12 23:01:49,https://www.m-job.ma/offres-emploi/120072-commerciaux-experimentes-en-assurance-5250dhs-primes-illimitees-casablanca
2024-03-12 23:01:57,https://www.m-job.ma/offres-emploi/120071-casa-conseillers-commerciaux-francophones-en-btob-secteur-bancaire-experience-exigee-casablanca
2024-03-12 23:02:04,https://www.m-job.ma/offres-emploi/120070-marrakech-service-client-bilingue-franco-anglophone-pour-centrale-de-reservation-internationale-8-marrakech
2024-03-12 23:02:11,https://www.m-job.ma/offres-emploi/120069-marrakech-profils-bilingues-franco-anglophones-en-reception-dappels-secteur-du-tourisme-8-marrakech
2024-03-12 23:02:19,https://www.m-job.ma/offres-emploi/120068-casablanca-reception-dappel-parfaitement-francophone-service-client-12-casablanca
2024-03-12 23:02:27,https://www.m-job.ma/offres-emploi/120066-casablanca-conseillers-commerciaux-en-reception-dappels-primes-illimitees-4-casablanca
2024-03-12 23:02:34,https://www.m-job.ma/offres-emploi/120065-marrakech-teleconseillers-bilingues-franco-anglophones-en-reception-dappels-5500dhs-primes-3-marrakech
2024-03-12 23:02:41,https://www.m-job.ma/offres-emploi/120064-casablanca-reception-dappels-francophones-au-centre-ville-12-casablanca
2024-03-12 23:02:49,https://www.m-job.ma/offres-emploi/120063-conseiller-clientele-francophone-reception-secteur-automobile-casa-10-casablanca
2024-03-12 23:02:56,https://www.m-job.ma/offres-emploi/120062-teleconseillers-francophone-21-tanger
2024-03-12 23:03:02,https://www.m-job.ma/offres-emploi/120061-conseilleres-en-assurances-france-kenitra
2024-03-12 23:03:09,https://www.m-job.ma/offres-emploi/120058-on-recrute-sur-marrakech-des-profils-franco-marrakech
2024-03-12 23:03:17,https://www.m-job.ma/offres-emploi/120057-sur-casa-on-recrute-en-reception-des-profils-franco-casablanca
2024-03-12 23:03:25,https://www.m-job.ma/offres-emploi/120056-commerciaux-5500dhs-centre-ville-emissions-dappels-4-casablanca
2024-03-12 23:03:32,https://www.m-job.ma/offres-emploi/120055-charges-clientele-reception-dappels-4500dhsprimes-24-casablanca
2024-03-12 23:03:39,https://www.m-job.ma/offres-emploi/120054-marrakech-profils-bilingues-francais-anglais-en-reception-transport-assure-9-marrakech
2024-03-12 23:03:47,https://www.m-job.ma/offres-emploi/120053-conseiller-clientele-francophone-reception-secteur-automobile-casa-9-casablanca
2024-03-12 23:03:55,https://www.m-job.ma/offres-emploi/120052-commerciaux-en-reception-dappel-5200dhs-primes-illimitees-2-casablanca
2024-03-12 23:04:02,https://www.m-job.ma/offres-emploi/120051-teleconseillers-francophones-en-emission-dappels-primes-deplafonnees-meknes
2024-03-12 23:04:09,https://www.m-job.ma/offres-emploi/120050-charges-de-clientele-francophones-en-reception-dappels-au-centre-ville-et-a-casanearshore-casablanca
2024-03-12 23:04:16,https://www.m-job.ma/offres-emploi/120049-agents-de-reservation-franco-anglophones-a-marrakech-2-marrakech
2024-03-12 23:04:23,https://www.m-job.ma/offres-emploi/120048-marrakech-service-client-bilingue-franco-anglophone-pour-centrale-de-reservation-internationale-7-marrakech
2024-03-12 23:04:31,https://www.m-job.ma/offres-emploi/120047-casablanca-conseillers-commerciaux-en-reception-dappels-primes-illimitees-3-casablanca
2024-03-12 23:04:38,https://www.m-job.ma/offres-emploi/120046-casablanca-service-apres-vente-francophone-secteur-automobile-3-casablanca
2024-03-12 23:04:45,https://www.m-job.ma/offres-emploi/120045-casablanca-reception-dappel-parfaitement-francophone-service-client-11-casablanca
2024-03-12 23:04:52,https://www.m-job.ma/offres-emploi/120044-marrakech-profils-bilingues-franco-anglophones-en-reception-dappels-secteur-du-tourisme-7-marrakech
2024-03-12 23:04:59,https://www.m-job.ma/offres-emploi/120042-casablanca-teleconseillers-francophones-pour-service-client-a-sidi-maarouf-2-casablanca
2024-03-12 23:05:07,https://www.m-job.ma/offres-emploi/120041-conseillers-commerciaux-experts-en-assurancemutuelle-sante-salaire-jusqua-30-000-dhs-courtier-francais-101-rabat
2024-03-12 23:05:14,https://www.m-job.ma/offres-emploi/120040-conseillers-commerciaux-experts-en-assurance-sante-auto-decennale-rem-jusqua-35-000-dhs-40-rabat
2024-03-12 23:05:21,https://www.m-job.ma/offres-emploi/120039-courtier-francais-en-assurance-recrute-en-cdi-commerciaux-en-assurance-sante-et-auto-rem-jusqua-30-000-dhs-38-rabat
2024-03-12 23:05:27,https://www.m-job.ma/offres-emploi/120038-comptable-108-casablanca
2024-03-12 23:05:35,https://www.m-job.ma/offres-emploi/120037-marrakech-profils-bilingues-francais-anglais-en-reception-transport-assure-8-marrakech
2024-03-12 23:05:42,https://www.m-job.ma/offres-emploi/120036-commerciaux-en-reception-dappel-5200dhs-primes-illimitees-casablanca
2024-03-12 23:05:51,https://www.m-job.ma/offres-emploi/120035-casablanca-conseillers-commerciaux-en-reception-dappels-primes-illimitees-2-casablanca
2024-03-12 23:05:58,https://www.m-job.ma/offres-emploi/120033-marrakech-service-client-bilingue-franco-anglophone-pour-centrale-de-reservation-internationale-6-marrakech
2024-03-12 23:06:05,https://www.m-job.ma/offres-emploi/120032-casablanca-reception-dappel-parfaitement-francophone-service-client-10-casablanca
2024-03-12 23:06:13,https://www.m-job.ma/offres-emploi/120031-marrakech-profils-bilingues-franco-anglophones-en-reception-dappels-secteur-du-tourisme-6-marrakech
2024-03-12 23:06:20,https://www.m-job.ma/offres-emploi/120027-casablanca-teleconseillers-francophones-pour-service-client-a-casanearshore-9-casablanca
2024-03-12 23:06:27,https://www.m-job.ma/offres-emploi/120026-marrakech-teleconseillers-bilingues-franco-anglophones-en-reception-dappels-5500dhs-primes-2-marrakech
2024-03-12 23:06:33,https://www.m-job.ma/offres-emploi/120025-formateur-en-comptabilite-tanger-tanger
2024-03-12 23:06:39,https://www.m-job.ma/offres-emploi/120024-conducteur-machine-kit-casablanca
2024-03-12 23:06:45,https://www.m-job.ma/offres-emploi/120022-formateur-en-comptabilite-rabat-8-rabat
2024-03-12 23:06:53,https://www.m-job.ma/offres-emploi/120020-commerciaux-en-reception-dappel-5200dhs-primes-illimitees-site-de-voyage-casablanca
2024-03-12 23:07:00,https://www.m-job.ma/offres-emploi/120018-casablanca-service-apres-vente-francophone-secteur-automobile-2-casablanca
2024-03-12 23:07:07,https://www.m-job.ma/offres-emploi/120017-marrakech-charges-de-clientele-hispanophone-reception-dappels-4-marrakech
2024-03-12 23:07:14,https://www.m-job.ma/offres-emploi/120010-commerciaux-experts-en-televente-dassurance-sante-hf-et-superviseurs-casablanca
2024-03-12 23:07:21,https://www.m-job.ma/offres-emploi/120014-casa-conseillers-commerciaux-francophones-secteur-bancaire-experience-exigee-en-ca-casablanca
2024-03-12 23:07:28,https://www.m-job.ma/offres-emploi/120013-casablanca-televendeurs-experimentes-en-assurance-5250dhs-primes-deplafonnees-casablanca
2024-03-12 23:07:36,https://www.m-job.ma/offres-emploi/120012-casablanca-conseillers-commerciaux-en-reception-dappels-a-casanearshore-casablanca
2024-03-12 23:07:42,https://www.m-job.ma/offres-emploi/120007-agent-neerlandais-qualification-de-leads-casablanca
2024-03-12 23:07:49,https://www.m-job.ma/offres-emploi/120006-casablanca-reception-dappels-francophones-au-centre-ville-11-casablanca
2024-03-12 23:07:56,https://www.m-job.ma/offres-emploi/120005-expert-en-assurances-rc-decennale-mrp-rc-pro-6-rabat
2024-03-12 23:08:02,https://www.m-job.ma/offres-emploi/120004-gestionnaire-comptable-comptabilite-belge-marrakech
2024-03-12 23:08:11,https://www.m-job.ma/offres-emploi/120003-conseillers-commerciaux-experts-en-assurancemutuelle-sante-salaire-jusqua-30-000-dhs-courtier-francais-100-rabat
2024-03-12 23:08:18,https://www.m-job.ma/offres-emploi/120002-conseillers-commerciaux-experts-en-assurance-sante-auto-decennale-rem-jusqua-35-000-dhs-39-rabat
2024-03-12 23:08:25,https://www.m-job.ma/offres-emploi/120001-courtier-francais-en-assurance-recrute-en-cdi-commerciaux-en-assurance-sante-et-auto-rem-jusqua-30-000-dhs-37-rabat
2024-03-12 23:08:32,https://www.m-job.ma/offres-emploi/119999-casablanca-reception-dappel-parfaitement-francophone-service-client-9-casablanca
2024-03-12 23:08:40,https://www.m-job.ma/offres-emploi/119995-conseiller-clientele-francophone-reception-secteur-automobile-casa-8-casablanca
2024-03-12 23:08:48,https://www.m-job.ma/offres-emploi/119993-casa-teleconseillers-en-reception-dappels-rebond-commercial-casablanca
2024-03-12 23:08:55,https://www.m-job.ma/offres-emploi/119991-conseiller-clientele-francophone-reception-secteur-automobile-casa-7-casablanca
2024-03-12 23:09:03,https://www.m-job.ma/offres-emploi/119989-commerciaux-francophones-expert-en-assurance-automotodecennale-reception-dappels-hf-rabatsale-primes-deplafonnees-contrat-cdi-5-salé
2024-03-12 23:09:09,https://www.m-job.ma/offres-emploi/119988-planificatrice-de-production-et-ordonnancement-sefrou
2024-03-12 23:09:17,https://www.m-job.ma/offres-emploi/119987-courtier-francais-en-assurance-recrute-en-cdi-commerciaux-en-assurance-sante-et-auto-rem-jusqua-30-000-dhs-36-rabat
2024-03-12 23:09:25,https://www.m-job.ma/offres-emploi/119986-commerciaux-francophones-expert-en-assurance-automotodecennale-reception-dappels-hf-rabatsale-primes-deplafonnees-contrat-cdi-4-kenitra
2024-03-12 23:09:32,https://www.m-job.ma/offres-emploi/119985-conseillers-commerciaux-experts-en-assurancemutuelle-sante-salaire-jusqua-30-000-dhs-courtier-francais-99-rabat
2024-03-12 23:09:40,https://www.m-job.ma/offres-emploi/119984-conseillers-commerciaux-experts-en-assurance-sante-auto-decennale-rem-jusqua-35-000-dhs-38-rabat
2024-03-12 23:09:48,https://www.m-job.ma/offres-emploi/119980-casablanca-teleconseillers-francophones-pour-service-client-a-casanearshore-8-casablanca
2024-03-12 23:09:55,https://www.m-job.ma/offres-emploi/119978-commerciaux-francophones-expert-en-assurance-automotodecennale-reception-dappels-hf-rabatsale-primes-deplafonnees-contrat-cdi-3-rabat
2024-03-12 23:10:03,https://www.m-job.ma/offres-emploi/119977-casablanca-reception-dappel-parfaitement-francophone-service-client-8-casablanca
2024-03-12 23:10:10,https://www.m-job.ma/offres-emploi/119974-casablanca-reception-dappels-francophones-au-centre-ville-10-casablanca
2024-03-12 23:10:16,https://www.m-job.ma/offres-emploi/119973-animateurtrice-dateliers-pour-enfants-a-temps-partiel-casablanca
2024-03-12 23:10:25,https://www.m-job.ma/offres-emploi/119972-conseiller-clientele-francophone-reception-secteur-automobile-casa-6-casablanca
2024-03-12 23:10:33,https://www.m-job.ma/offres-emploi/119970-casablanca-conseillers-commerciaux-en-reception-dappels-primes-illimitees-casablanca
2024-03-12 23:10:42,https://www.m-job.ma/offres-emploi/119969-francophones-en-reception-dappels-a-mohammedia-6-mohammedia
2024-03-12 23:10:49,https://www.m-job.ma/offres-emploi/119968-francophones-en-reception-dappels-a-casablanca-11-casablanca
2024-03-12 23:10:56,https://www.m-job.ma/offres-emploi/119967-francophones-en-reception-dappels-a-marrakech-8-marrakech
2024-03-12 23:11:02,https://www.m-job.ma/offres-emploi/119966-recrutement-massif-44-marrakech
2024-03-12 23:11:09,https://www.m-job.ma/offres-emploi/119965-teleconseillers-francophone-20-tanger
2024-03-12 23:11:17,https://www.m-job.ma/offres-emploi/119963-casablanca-reception-dappel-parfaitement-francophone-service-client-7-casablanca
2024-03-12 23:11:24,https://www.m-job.ma/offres-emploi/119961-charges-de-clientele-francophones-a-marrakech-agadir-meknes-fes-sale-et-kenitra-meknes
2024-03-12 23:11:32,https://www.m-job.ma/offres-emploi/119960-charges-de-clientele-en-reception-dappels-francoanglophones-a-marrakech-agadir-rabat-et-meknes-meknes
2024-03-12 23:11:39,https://www.m-job.ma/offres-emploi/119959-gestionnaire-dassurance-a-casablanca-et-teleconseillers-en-activite-bancaire-a-mohammedia-casablanca
2024-03-12 23:11:46,https://www.m-job.ma/offres-emploi/119955-expert-en-assurance-autofrance-apporteur-daffaire-freelancer-et-conseiller-commercial-en-assurance-meknes
2024-03-12 23:11:54,https://www.m-job.ma/offres-emploi/119958-reception-service-client-francophone-pour-un-groupe-automobile-international-casa-casablanca
2024-03-12 23:12:01,https://www.m-job.ma/offres-emploi/119957-casa-teleconseillers-francophones-en-reception-dappels-primes-deplafonnees-3-casablanca
2024-03-12 23:12:09,https://www.m-job.ma/offres-emploi/119954-casablanca-teleconseillers-francophones-pour-service-client-a-casanearshore-7-casablanca
2024-03-12 23:12:16,https://www.m-job.ma/offres-emploi/119952-casablanca-reception-dappels-francophones-au-centre-ville-9-casablanca
2024-03-12 23:12:24,https://www.m-job.ma/offres-emploi/119951-conseiller-clientele-francophone-reception-secteur-automobile-casa-5-casablanca
2024-03-12 23:12:31,https://www.m-job.ma/offres-emploi/119942-assistante-commerciale-51-casablanca
2024-03-12 23:12:38,https://www.m-job.ma/offres-emploi/119949-conseillers-commerciaux-experts-en-assurancemutuelle-sante-salaire-jusqua-30-000-dhs-courtier-francais-98-rabat
2024-03-12 23:12:45,https://www.m-job.ma/offres-emploi/119948-conseillers-commerciaux-experts-en-assurance-sante-auto-decennale-rem-jusqua-35-000-dhs-37-rabat
2024-03-12 23:12:53,https://www.m-job.ma/offres-emploi/119947-courtier-francais-en-assurance-recrute-en-cdi-commerciaux-en-assurance-sante-et-auto-rem-jusqua-30-000-dhs-35-rabat
2024-03-12 23:13:00,https://www.m-job.ma/offres-emploi/119944-casablanca-teleconseillers-francophones-pour-service-client-a-casanearshore-6-casablanca
2024-03-12 23:13:09,https://www.m-job.ma/offres-emploi/119941-casablanca-reception-dappel-parfaitement-francophone-service-client-6-casablanca
2024-03-12 23:13:16,https://www.m-job.ma/offres-emploi/119939-casaconseillers-commerciaux-francophones-secteur-bancaireexperience-exigee-en-ca-2-casablanca
2024-03-12 23:13:23,https://www.m-job.ma/offres-emploi/119938-casablanca-reception-dappels-francophones-au-centre-ville-8-casablanca
2024-03-12 23:13:29,https://www.m-job.ma/offres-emploi/119934-teleconseillers-francophones-debutants-ou-experimentes-avec-un-excellent-niveau-en-francais-3-rabat
2024-03-12 23:13:36,https://www.m-job.ma/offres-emploi/119933-teleconseillers-francophones-debutants-ou-experimentes-avec-un-excellent-niveau-en-francais-2-casablanca
2024-03-12 23:13:43,https://www.m-job.ma/offres-emploi/119932-teleonseillers-francophones-experimentes-en-televente-2-casablanca
2024-03-12 23:13:49,https://www.m-job.ma/offres-emploi/119931-assistante-administrative-polyvalente-5-casablanca
2024-03-12 23:13:57,https://www.m-job.ma/offres-emploi/119937-casablanca-teleconseillers-francophones-pour-service-client-a-casanearshore-5-casablanca
2024-03-12 23:14:03,https://www.m-job.ma/offres-emploi/119930-administrative-officer-casablanca
2024-03-12 23:14:09,https://www.m-job.ma/offres-emploi/119929-chef-cuisinier-casablanca
2024-03-12 23:14:16,https://www.m-job.ma/offres-emploi/119928-gestionnaire-sinistre-auto-3-rabat
2024-03-12 23:14:23,https://www.m-job.ma/offres-emploi/119923-besoin-immediat-conseillers-en-assurance-salaire-de-4500dh-a-11000dh-primes-deplafonnee-2-rabat
2024-03-12 23:14:30,https://www.m-job.ma/offres-emploi/119925-casablanca-teleconseillers-francophones-pour-service-client-a-casanearshore-4-casablanca
2024-03-12 23:14:37,https://www.m-job.ma/offres-emploi/119924-casablanca-reception-dappels-francophones-au-centre-ville-7-casablanca
2024-03-12 23:14:45,https://www.m-job.ma/offres-emploi/119909-conseillers-commerciaux-experts-en-assurance-sante-auto-decennale-rem-jusqua-35-000-dhs-36-rabat
2024-03-12 23:14:52,https://www.m-job.ma/offres-emploi/119908-courtier-francais-en-assurance-recrute-en-cdi-commerciaux-en-assurance-sante-et-auto-rem-jusqua-30-000-dhs-34-rabat
2024-03-12 23:14:58,https://www.m-job.ma/offres-emploi/119906-technico-commercial-beton-casablanca
2024-03-12 23:15:04,https://www.m-job.ma/offres-emploi/119904-aide-comptable-28-temara
2024-03-12 23:15:11,https://www.m-job.ma/offres-emploi/119916-agent-de-reservation-3-casablanca
2024-03-12 23:15:17,https://www.m-job.ma/offres-emploi/119917-commercial-75-casablanca
2024-03-12 23:15:27,https://www.m-job.ma/offres-emploi/119921-casa-conseiller-client-francophone-pour-service-apres-vente-automobile-casablanca
2024-03-12 23:15:33,https://www.m-job.ma/offres-emploi/119919-casablanca-formateur-metier-de-la-vente-experience-exigee-2-casablanca
2024-03-12 23:15:41,https://www.m-job.ma/offres-emploi/119918-casablanca-teleconseillers-francophones-pour-service-client-a-casanearshore-3-casablanca
2024-03-12 23:15:48,https://www.m-job.ma/offres-emploi/119910-conseillers-commerciaux-experts-en-assurancemutuelle-sante-salaire-jusqua-30-000-dhs-courtier-francais-97-rabat
2024-03-12 23:15:54,https://www.m-job.ma/offres-emploi/119911-formateurs-vacataire-en-comptabilite-au-niveau-de-rabat-rabat
2024-03-12 23:16:01,https://www.m-job.ma/offres-emploi/119912-courtier-en-assurance-leader-sur-la-region-parisienne-nous-recrutons-pour-notre-succursale-a-rabat-des-conseillerescommerciauxgestionnaires-experimentees-en-commercial-rabat
2024-03-12 23:16:08,https://www.m-job.ma/offres-emploi/119913-casablanca-reception-dappels-francophones-au-centre-ville-6-casablanca
2024-03-12 23:16:16,https://www.m-job.ma/offres-emploi/119903-marrakech-profils-bilingues-francais-anglais-en-reception-transport-assure-7-marrakech
2024-03-12 23:16:23,https://www.m-job.ma/offres-emploi/119901-casablanca-reception-dappel-parfaitement-francophone-service-client-5-casablanca
2024-03-12 23:16:29,https://www.m-job.ma/offres-emploi/119900-deutschsprachige-telemarketer-gesucht-fes
2024-03-12 23:16:35,https://www.m-job.ma/offres-emploi/119898-agent-de-saisie-12-rabat
2024-03-12 23:16:42,https://www.m-job.ma/offres-emploi/119897-marrakech-service-client-bilingue-franco-anglophone-pour-centrale-de-reservation-internationale-5-marrakech
2024-03-12 23:16:49,https://www.m-job.ma/offres-emploi/119896-casa-teleconseillers-francophones-en-reception-dappels-primes-deplafonnees-2-casablanca
2024-03-12 23:16:56,https://www.m-job.ma/offres-emploi/119893-casaconseillers-commerciaux-francophones-secteur-bancaireexperience-exigee-en-ca-casablanca
2024-03-12 23:17:03,https://www.m-job.ma/offres-emploi/119891-conseillers-de-ventes-hf-2-casablanca
2024-03-12 23:17:10,https://www.m-job.ma/offres-emploi/119890-marrakech-teleconseillers-bilingues-francais-anglais-en-reception-dappels-12-marrakech
2024-03-12 23:17:17,https://www.m-job.ma/offres-emploi/119888-casablanca-teleconseillers-francophones-pour-service-client-a-sidi-maarouf-casablanca
2024-03-12 23:17:24,https://www.m-job.ma/offres-emploi/119878-gestionnaire-sinistre-auto-2-rabat
2024-03-12 23:17:30,https://www.m-job.ma/offres-emploi/119887-commercial-terrain-38-fes
2024-03-12 23:17:37,https://www.m-job.ma/offres-emploi/119886-conseillers-commerciaux-experts-en-assurance-sante-auto-decennale-rem-jusqua-35-000-dhs-35-rabat
2024-03-12 23:17:46,https://www.m-job.ma/offres-emploi/119885-conseillers-commerciaux-experts-en-assurancemutuelle-sante-salaire-jusqua-30-000-dhs-courtier-francais-96-rabat
2024-03-12 23:17:52,https://www.m-job.ma/offres-emploi/119884-charges-de-clienteles-sur-marrakech-marrakech
2024-03-12 23:17:59,https://www.m-job.ma/offres-emploi/119883-on-recrute-des-charges-de-clienteles-francophone-sur-casa-casablanca
2024-03-12 23:18:07,https://www.m-job.ma/offres-emploi/119882-on-recrute-en-masse-pour-la-reception-des-charges-de-clienteles-bilungue-sur-casa-parlant-anglais-et-francais-casablanca
2024-03-12 23:18:14,https://www.m-job.ma/offres-emploi/119881-courtier-francais-en-assurance-recrute-en-cdi-commerciaux-en-assurance-sante-et-auto-rem-jusqua-30-000-dhs-33-rabat
2024-03-12 23:18:22,https://www.m-job.ma/offres-emploi/119875-casa-reception-dappels-francophones-service-client-mobile-a-casanearshore-3-casablanca
2024-03-12 23:18:29,https://www.m-job.ma/offres-emploi/119874-marrakech-teleconseillers-franco-anglophones-en-reception-dappels-5500dhs-primes-6-marrakech
2024-03-12 23:18:37,https://www.m-job.ma/offres-emploi/119873-commerciaux-francophones-expert-en-assurance-automotodecennale-reception-dappels-hf-rabatsale-primes-deplafonnees-contrat-cdi-2-salé
2024-03-12 23:18:44,https://www.m-job.ma/offres-emploi/119872-conseiller-en-assurance-automobile-70-rabat
2024-03-12 23:18:51,https://www.m-job.ma/offres-emploi/119871-commerciaux-francophones-expert-en-mutuelle-sante-reception-dappels-hf-rabat-contrat-cdi-2-salé
2024-03-12 23:18:59,https://www.m-job.ma/offres-emploi/119870-commerciaux-francophones-expert-en-assurance-automotodecennale-reception-dappels-hf-rabatsale-primes-deplafonnees-contrat-cdi-rabat
2024-03-12 23:19:05,https://www.m-job.ma/offres-emploi/119869-marrakech-charges-de-clientele-langue-espagnole-reception-dappels-marrakech
2024-03-12 23:19:13,https://www.m-job.ma/offres-emploi/119868-casa-conseiller-clientele-francophone-en-emission-dappel-4000dh-prime-de-vente-a-roches-noires-4-casablanca
2024-03-12 23:19:20,https://www.m-job.ma/offres-emploi/119867-marrakech-teleconseillers-bilingues-francais-anglais-en-reception-dappels-11-marrakech
2024-03-12 23:19:28,https://www.m-job.ma/offres-emploi/119866-casablanca-metiers-de-conseil-et-relation-clients-secteur-bancaire-3-casablanca
2024-03-12 23:19:34,https://www.m-job.ma/offres-emploi/119865-charges-de-prise-de-rendez-vous-commercial-tetouan-3-tetouan
2024-03-12 23:19:42,https://www.m-job.ma/offres-emploi/119864-marrakech-conseillers-clients-en-langue-espagnole-reception-dappels-marrakech
2024-03-12 23:19:49,https://www.m-job.ma/offres-emploi/119863-casablanca-reception-dappel-parfaitement-francophone-service-client-4-casablanca
2024-03-12 23:19:55,https://www.m-job.ma/offres-emploi/119861-teleconseillerre-rabat
2024-03-12 23:20:01,https://www.m-job.ma/offres-emploi/119860-directeur-technique-4-rabat
2024-03-12 23:20:10,https://www.m-job.ma/offres-emploi/119854-expert-en-assurance-rc-decennale-dommage-ouvrage-mrp-rc-pro-2-rabat
2024-03-12 23:20:16,https://www.m-job.ma/offres-emploi/119859-gestionnaire-sinistre-auto-rabat
2024-03-12 23:20:23,https://www.m-job.ma/offres-emploi/119858-marrakech-profils-bilingues-franco-anglophones-en-reception-dappels-secteur-du-tourisme-4-marrakech
2024-03-12 23:20:31,https://www.m-job.ma/offres-emploi/119857-conseiller-clientele-francophone-reception-secteur-automobile-casa-4-casablanca
2024-03-12 23:20:38,https://www.m-job.ma/offres-emploi/119855-casaconseiller-clientele-parfaitement-francophone-reception-dappels-4-casablanca
2024-03-12 23:20:45,https://www.m-job.ma/offres-emploi/119853-charge-de-clientele-franco-hispanophone-a-fes-ou-hispanophones-a-rabat-marrakech-fes
2024-03-12 23:20:53,https://www.m-job.ma/offres-emploi/119852-charges-de-clientele-francophones-en-reception-dappels-a-casablanca-6-casablanca
2024-03-12 23:21:00,https://www.m-job.ma/offres-emploi/119851-charges-de-clientele-en-reception-dappels-francoanglophone-a-marrakech-agadir-rabat-et-meknes-meknes
2024-03-12 23:21:07,https://www.m-job.ma/offres-emploi/119850-marrakech-teleconseillers-franco-anglophones-en-reception-dappels-5500dhs-primes-5-marrakech
2024-03-12 23:21:14,https://www.m-job.ma/offres-emploi/119849-casa-teleconseillers-en-reception-dappels-primes-deplafonnees-3-casablanca
2024-03-12 23:21:22,https://www.m-job.ma/offres-emploi/119847-courtier-francais-en-assurance-recrute-en-cdi-commerciaux-en-assurance-sante-et-auto-rem-jusqua-30-000-dhs-32-rabat
2024-03-12 23:21:29,https://www.m-job.ma/offres-emploi/119846-conseillers-commerciaux-experts-en-assurancemutuelle-sante-salaire-jusqua-30-000-dhs-courtier-francais-95-rabat
2024-03-12 23:21:36,https://www.m-job.ma/offres-emploi/119845-conseillers-commerciaux-experts-en-assurance-sante-auto-decennale-rem-jusqua-35-000-dhs-34-rabat
2024-03-12 23:21:44,https://www.m-job.ma/offres-emploi/119842-conseiller-clientele-francophone-reception-secteur-automobile-casa-3-casablanca
2024-03-12 23:21:50,https://www.m-job.ma/offres-emploi/119840-stagiaire-en-management-de-qualite-casablanca
2024-03-12 23:21:56,https://www.m-job.ma/offres-emploi/119838-comptable-hf-16-casablanca
2024-03-12 23:22:02,https://www.m-job.ma/offres-emploi/119829-commerciaux-5500dhs-centre-ville-emissions-dappels-3-casablanca
2024-03-12 23:22:10,https://www.m-job.ma/offres-emploi/119834-marrakech-teleconseillers-bilingues-francais-anglais-en-reception-dappels-9-marrakech
2024-03-12 23:22:16,https://www.m-job.ma/offres-emploi/119827-teleconseillers-hispanophones-8-marrakech
2024-03-12 23:22:23,https://www.m-job.ma/offres-emploi/119826-charges-clientele-reception-dappels-4500dhsprimes-primes-casablanca
2024-03-12 23:22:32,https://www.m-job.ma/offres-emploi/119836-casanearshore-charges-de-clientele-francophone-pour-service-apres-vente-5-casablanca
2024-03-12 23:22:39,https://www.m-job.ma/offres-emploi/119833-marrakech-teleconseillers-franco-anglophones-en-reception-dappels-5500dhs-primes-4-marrakech
2024-03-12 23:22:47,https://www.m-job.ma/offres-emploi/119832-reception-service-client-pour-un-groupe-automobile-international-casa-casablanca
2024-03-12 23:22:54,https://www.m-job.ma/offres-emploi/119830-casablanca-metiers-de-conseil-et-relation-clients-secteur-bancaire-2-casablanca
2024-03-12 23:23:01,https://www.m-job.ma/offres-emploi/119825-marrakech-charges-de-clientele-bilingue-franco-anglophone-en-reception-dappels-2-marrakech
2024-03-12 23:23:09,https://www.m-job.ma/offres-emploi/119824-casa-reception-dappels-francophones-service-client-mobile-a-casanearshore-2-casablanca
2024-03-12 23:23:17,https://www.m-job.ma/offres-emploi/119822-besoin-immediat-conseillers-en-assurance-salaire-de-4500dh-a-11000dh-primes-deplafonnee-rabat
2024-03-12 23:23:23,https://www.m-job.ma/offres-emploi/119821-here2help-recrute-des-charges-de-clienteles-3-rabat
2024-03-12 23:23:30,https://www.m-job.ma/offres-emploi/119817-team-manager-assurance-decennale-rabat
2024-03-12 23:23:37,https://www.m-job.ma/offres-emploi/119816-marrakech-charges-de-clientele-hispanophone-en-reception-dappel-2-marrakech
2024-03-12 23:23:44,https://www.m-job.ma/offres-emploi/119820-marrakech-profils-bilingues-franco-anglophones-en-reception-dappels-secteur-du-tourisme-2-marrakech
2024-03-12 23:23:52,https://www.m-job.ma/offres-emploi/119818-marrakech-conseillers-clients-en-langue-espagnol-transport-assure-marrakech
2024-03-12 23:24:00,https://www.m-job.ma/offres-emploi/119814-casa-conseiller-client-francophone-service-apres-vente-automobile-4-casablanca
2024-03-12 23:24:07,https://www.m-job.ma/offres-emploi/119813-marrakech-teleconseillers-franco-anglophones-en-reception-dappels-5500dhs-primes-3-marrakech
2024-03-12 23:24:14,https://www.m-job.ma/offres-emploi/119812-casa-teleconseillers-en-reception-dappels-primes-deplafonnees-2-casablanca
2024-03-12 23:24:22,https://www.m-job.ma/offres-emploi/119805-conseiller-clientele-francophone-reception-secteur-automobile-casa-2-casablanca
2024-03-12 23:24:29,https://www.m-job.ma/offres-emploi/119804-conseillers-commerciaux-experts-en-assurancemutuelle-sante-salaire-jusqua-30-000-dhs-courtier-francais-94-rabat
2024-03-12 23:24:36,https://www.m-job.ma/offres-emploi/119803-conseillers-commerciaux-experts-en-assurance-sante-auto-decennale-rem-jusqua-35-000-dhs-33-rabat
2024-03-12 23:24:44,https://www.m-job.ma/offres-emploi/119802-courtier-francais-en-assurance-recrute-en-cdi-commerciaux-en-assurance-sante-et-auto-rem-jusqua-30-000-dhs-31-rabat
2024-03-12 23:24:50,https://www.m-job.ma/offres-emploi/119801-formateur-en-comptabilite-casablanca-3-casablanca
2024-03-12 23:24:59,https://www.m-job.ma/offres-emploi/119800-commerciaux-francophones-expert-en-mutuelle-sante-reception-dappels-hf-rabat-contrat-cdi-rabat
2024-03-12 23:25:05,https://www.m-job.ma/offres-emploi/119799-formateur-en-comptabilite-rabat-7-rabat
2024-03-12 23:25:12,https://www.m-job.ma/offres-emploi/119798-commerciaux-francophones-expert-en-mutuelle-sante-reception-dappels-hf-rabat-14-rabat
2024-03-12 23:25:20,https://www.m-job.ma/offres-emploi/119797-freelance-commerciaux-francophones-expert-en-assurance-auto-reception-dappels-hf-rabatsale-primes-deplafonnees-13-rabat
2024-03-12 23:25:26,https://www.m-job.ma/offres-emploi/119796-conseillere-en-assurances-kenitra-2-kenitra
2024-03-12 23:25:32,https://www.m-job.ma/offres-emploi/119795-conseillere-en-assurances-kenitra-kenitra
2024-03-12 23:25:38,https://www.m-job.ma/offres-emploi/119793-medecin-ou-pharmacien-sur-tanger-tanger
2024-03-12 23:25:45,https://www.m-job.ma/offres-emploi/119792-apporteurs-daffaire-experts-en-mutuelle-independants-et-conseiller-commercial-en-assurance-sante-meknes
2024-03-12 23:25:52,https://www.m-job.ma/offres-emploi/119791-casaconseillers-commerciaux-secteur-bancaireexperience-exigee-en-ca-casablanca
2024-03-12 23:25:59,https://www.m-job.ma/offres-emploi/119790-marrakech-charges-de-clientele-bilingue-franco-anglophone-en-reception-dappel-2-marrakech
2024-03-12 23:26:06,https://www.m-job.ma/offres-emploi/119788-teleconseillers-expert-en-b2b-en-energies-week-end-off5000netprimes-non-plafonnee-2-kenitra
2024-03-12 23:26:12,https://www.m-job.ma/offres-emploi/119781-eids-maroc-charge-de-clientele-en-iterim-3-sala al-jadida
2024-03-12 23:26:19,https://www.m-job.ma/offres-emploi/119780-eids-maroc-charge-de-clientele-en-iterim-2-sala al-jadida
2024-03-12 23:26:25,https://www.m-job.ma/offres-emploi/119779-eids-maroc-charge-de-clientele-en-iterim-sala al-jadida
2024-03-12 23:26:32,https://www.m-job.ma/offres-emploi/119777-casablanca-conseiller-clientele-parfaitement-francophone-secteur-automobile-casablanca
2024-03-12 23:26:40,https://www.m-job.ma/offres-emploi/119776-casablanca-teleconseillers-francophones-pour-service-client-a-casanearshore-2-casablanca
2024-03-12 23:26:46,https://www.m-job.ma/offres-emploi/119775-charges-de-clientelesupport-technique-hispanophones-tetouan-3-tetouan
2024-03-12 23:26:52,https://www.m-job.ma/offres-emploi/119774-developpeur-windev-windev-mobile-casablanca
2024-03-12 23:26:59,https://www.m-job.ma/offres-emploi/119771-conseillers-commerciaux-experts-en-assurancemutuelle-sante-salaire-jusqua-30-000-dhs-courtier-francais-93-rabat
2024-03-12 23:27:06,https://www.m-job.ma/offres-emploi/119770-conseillers-commerciaux-experts-en-assurance-sante-auto-decennale-rem-jusqua-35-000-dhs-32-rabat
2024-03-12 23:27:15,https://www.m-job.ma/offres-emploi/119769-courtier-francais-en-assurance-recrute-en-cdi-commerciaux-en-assurance-sante-et-auto-rem-jusqua-30-000-dhs-30-rabat
2024-03-12 23:27:22,https://www.m-job.ma/offres-emploi/119766-casablanca-teleconseillers-francophones-pour-service-client-a-casanearshore-casablanca
2024-03-12 23:27:29,https://www.m-job.ma/offres-emploi/119764-casablanca-formateur-metier-de-la-vente-service-commercial-experience-exigee-casablanca
2024-03-12 23:27:35,https://www.m-job.ma/offres-emploi/119763-marrakech-profils-bilingues-franco-anglophone-secteur-du-tourisme-2-marrakech
2024-03-12 23:27:42,https://www.m-job.ma/offres-emploi/119760-urgent-commerciaux-en-assurance-autodecenal-rabat
2024-03-12 23:27:49,https://www.m-job.ma/offres-emploi/119759-marrakech-recrutement-pour-differentes-activites-bilingues-franco-anglophone-en-reception-dappels-marrakech
2024-03-12 23:27:57,https://www.m-job.ma/offres-emploi/119758-casablanca-reception-dappel-parfaitement-francophone-service-client-a-casanearshore-casablanca
2024-03-12 23:28:03,https://www.m-job.ma/offres-emploi/119756-star-de-la-televente-en-mutuelle-sante-casablanca
2024-03-12 23:28:09,https://www.m-job.ma/offres-emploi/119755-ingenieur-chargee-daffaire-2-casablanca
2024-03-12 23:28:16,https://www.m-job.ma/offres-emploi/119754-chargee-de-clientele-assurance-mutuelle-par-telephone-casablanca
2024-03-12 23:28:24,https://www.m-job.ma/offres-emploi/119751-marrakech-teleconseillers-bilingues-franco-anglophones-en-reception-5500dhs-primes-marrakech
2024-03-12 23:28:31,https://www.m-job.ma/offres-emploi/119750-casa-conseillers-clientele-parfaitement-francophone-secteur-automobile-casablanca
2024-03-12 23:28:39,https://www.m-job.ma/offres-emploi/119748-casa-teleconseillers-francophones-en-reception-dappels-primes-deplafonnees-casablanca
2024-03-12 23:28:46,https://www.m-job.ma/offres-emploi/119747-marrakech-recrutement-pour-differentes-activites-bilingues-franco-anglophones-en-reception-dappels-marrakech
2024-03-12 23:28:53,https://www.m-job.ma/offres-emploi/119745-casablanca-reception-dappels-service-client-francophone-casablanca
2024-03-12 23:29:01,https://www.m-job.ma/offres-emploi/119744-charges-de-clientele-en-reception-dappels-francoanglophone-a-marrakech-et-agadir-marrakech
2024-03-12 23:29:09,https://www.m-job.ma/offres-emploi/119743-gestionnaire-de-sinistre-conseiller-en-assurance-en-reception-dappels-casablanca-casablanca
2024-03-12 23:29:16,https://www.m-job.ma/offres-emploi/119741-charges-de-cleintele-franco-anglophone-parlant-les-2-langues-en-reception-sur-marrakech-marrakech
2024-03-12 23:29:22,https://www.m-job.ma/offres-emploi/119740-charges-de-clientele-en-televente-experimente-obligatoirement-casablanca
2024-03-12 23:29:29,https://www.m-job.ma/offres-emploi/119738-charges-de-clientele-en-reception-sur-casa-casablanca
2024-03-12 23:29:37,https://www.m-job.ma/offres-emploi/119736-senegalais-avec-carte-de-sejour-valide-maitrisant-langlais-et-le-wolof-pour-de-la-moderation-de-contenu-casablanca
2024-03-12 23:29:43,https://www.m-job.ma/offres-emploi/119734-infographiste-48-tanger
2024-03-12 23:29:49,https://www.m-job.ma/offres-emploi/119733-magasignier-casablanca
2024-03-12 23:29:56,https://www.m-job.ma/offres-emploi/119735-conseillere-en-assurance-automobile-3-kenitra
2024-03-12 23:30:03,https://www.m-job.ma/offres-emploi/119742-marrakech-profils-bilingues-francais-anglais-en-reception-transport-assure-5-marrakech
2024-03-12 23:30:11,https://www.m-job.ma/offres-emploi/119739-casa-conseiller-client-francophone-service-apres-vente-secteur-automobile-casablanca
2024-03-12 23:30:19,https://www.m-job.ma/offres-emploi/119737-casablanca-conseillers-commerciaux-en-reception-dappels-primes-deplafonnees-3-casablanca
2024-03-12 23:30:25,https://www.m-job.ma/offres-emploi/119732-testers-tanger
2024-03-12 23:30:32,https://www.m-job.ma/offres-emploi/119731-conseillers-commerciaux-experts-en-assurancemutuelle-sante-salaire-jusqua-30-000-dhs-courtier-francais-92-rabat
2024-03-12 23:30:40,https://www.m-job.ma/offres-emploi/119730-conseillers-commerciaux-experts-en-assurance-sante-auto-decennale-rem-jusqua-35-000-dhs-31-rabat
2024-03-12 23:30:47,https://www.m-job.ma/offres-emploi/119729-courtier-francais-en-assurance-recrute-en-cdi-commerciaux-en-assurance-sante-et-auto-rem-jusqua-30-000-dhs-29-rabat
2024-03-12 23:30:53,https://www.m-job.ma/offres-emploi/119728-recherche-profil-experimente-b2b-rabat
2024-03-12 23:30:59,https://www.m-job.ma/offres-emploi/119719-formateur-expert-en-norme-iso-18295-casablanca
2024-03-12 23:31:07,https://www.m-job.ma/offres-emploi/119727-casablanca-reception-dappel-parfaitement-francophone-service-client-3-casablanca
2024-03-12 23:31:14,https://www.m-job.ma/offres-emploi/119726-marrakech-service-client-bilingue-franco-anglophone-pour-centrale-de-reservation-internationale-3-marrakech
2024-03-12 23:31:21,https://www.m-job.ma/offres-emploi/119724-casablanca-reception-dappels-francophones-au-centre-ville-3-casablanca
2024-03-12 23:31:28,https://www.m-job.ma/offres-emploi/119721-marrakech-teleconseillers-bilingues-franco-anglophones-en-reception-dappels-5500dhs-primes-marrakech
2024-03-12 23:31:36,https://www.m-job.ma/offres-emploi/119720-casablanca-reception-dappels-rebond-commercial-et-primes-illimitees-casablanca
2024-03-12 23:31:43,https://www.m-job.ma/offres-emploi/119717-marrakech-teleconseillers-en-reception-dappels-bilingues-franco-anglophones-marrakech
2024-03-12 23:31:51,https://www.m-job.ma/offres-emploi/119716-casablanca-charges-de-clientele-francophone-en-reception-dappels-secteur-audiovisuel-casablanca
2024-03-12 23:31:59,https://www.m-job.ma/offres-emploi/119713-casablanca-reception-dappel-parfaitement-francophone-service-client-2-casablanca
2024-03-12 23:32:06,https://www.m-job.ma/offres-emploi/119712-marrakech-charges-de-clientele-bilingue-franco-anglophone-en-reception-dappels-marrakech
2024-03-12 23:32:14,https://www.m-job.ma/offres-emploi/119711-casablanca-reception-dappels-pour-service-client-francophone-casablanca
2024-03-12 23:32:21,https://www.m-job.ma/offres-emploi/119710-commerciaux-francophones-expert-en-mutuelle-sante-reception-dappels-hf-rabat-13-rabat
2024-03-12 23:32:28,https://www.m-job.ma/offres-emploi/119709-freelance-commerciaux-francophones-expert-en-assurance-auto-reception-dappels-hf-rabatsale-primes-deplafonnees-12-rabat
2024-03-12 23:32:35,https://www.m-job.ma/offres-emploi/119707-recrutement-immediat-des-televendeurs-experts-en-assurance-sante-36-casablanca
2024-03-12 23:32:42,https://www.m-job.ma/offres-emploi/119706-marrakech-teleconseillers-franco-anglophones-en-reception-dappels-5500dhs-primes-marrakech
2024-03-12 23:32:50,https://www.m-job.ma/offres-emploi/119705-casablanca-teleconseillers-francophones-en-reception-pour-service-client-a-casanearshore-casablanca
2024-03-12 23:32:57,https://www.m-job.ma/offres-emploi/119702-marrakech-profils-bilingues-francais-anglais-en-reception-transport-assure-4-marrakech
2024-03-12 23:33:05,https://www.m-job.ma/offres-emploi/119701-casa-conseiller-client-francophone-service-apres-vente-automobile-3-casablanca
2024-03-12 23:33:11,https://www.m-job.ma/offres-emploi/119689-conducteur-chantier-casablanca
2024-03-12 23:33:17,https://www.m-job.ma/offres-emploi/119688-technicien-desinateur-technicienne-desinatrice-casablanca
2024-03-12 23:33:23,https://www.m-job.ma/offres-emploi/119675-secretaire-de-direction-rabat-stage-de-pre-embauche-3-rabat
2024-03-12 23:33:29,https://www.m-job.ma/offres-emploi/119676-formateur-en-comptabilite-casablanca-2-casablanca
2024-03-12 23:33:36,https://www.m-job.ma/offres-emploi/119683-televendeurs-expert-demandes-en-urgence-sur-siddi-maarouf-casablanca
2024-03-12 23:33:42,https://www.m-job.ma/offres-emploi/119684-recrutement-profils-anglo-francophones-sur-marrakech-casablanca
2024-03-12 23:33:49,https://www.m-job.ma/offres-emploi/119700-conseillers-commerciaux-experts-en-assurance-sante-auto-decennale-rem-jusqua-35-000-dhs-30-rabat
2024-03-12 23:33:56,https://www.m-job.ma/offres-emploi/119699-conseillers-commerciaux-experts-en-assurancemutuelle-sante-salaire-jusqua-30-000-dhs-courtier-francais-91-rabat
2024-03-12 23:34:04,https://www.m-job.ma/offres-emploi/119698-courtier-francais-en-assurance-recrute-en-cdi-commerciaux-en-assurance-sante-et-auto-rem-jusqua-30-000-dhs-28-rabat
2024-03-12 23:34:10,https://www.m-job.ma/offres-emploi/119697-representant-dentreprise-a-temps-partiel-casablanca
2024-03-12 23:34:18,https://www.m-job.ma/offres-emploi/119696-aassistante-coordinatrice-casablanca
2024-03-12 23:34:24,https://www.m-job.ma/offres-emploi/119695-call-center-profis-fur-deutsches-unternehmen-gesucht-nador
2024-03-12 23:34:30,https://www.m-job.ma/offres-emploi/119694-expert-en-assurances-rc-decennale-mrp-rc-pro-5-rabat
2024-03-12 23:34:38,https://www.m-job.ma/offres-emploi/119687-conseiller-commercial-50-casablanca
2024-03-12 23:34:45,https://www.m-job.ma/offres-emploi/119686-televendeurse-en-assurance-prime-mensuelle-deplafonnee-casablanca
2024-03-12 23:34:52,https://www.m-job.ma/offres-emploi/119682-debutant-ou-expert-en-reception-dappel-4000dh-primes-attractives-casablanca
2024-03-12 23:34:59,https://www.m-job.ma/offres-emploi/119681-secretaire-de-direction-rabat-stage-rabat
2024-03-12 23:35:05,https://www.m-job.ma/offres-emploi/119685-besoin-des-teleconseillers-neerlandophones-sur-meknes-postulez-vite-meknes
2024-03-12 23:35:12,https://www.m-job.ma/offres-emploi/119680-casablanca-reception-dappels-francophones-au-centre-ville-2-casablanca
2024-03-12 23:35:20,https://www.m-job.ma/offres-emploi/119677-casablanca-reception-dappels-service-client-a-casanearshore-transport-assure-casablanca
2024-03-12 23:35:26,https://www.m-job.ma/offres-emploi/119669-developpeur-sage-casablanca
2024-03-12 23:35:33,https://www.m-job.ma/offres-emploi/119665-courtier-francais-en-assurance-recrute-en-cdi-commerciaux-en-assurance-sante-et-auto-rem-jusqua-30-000-dhs-27-rabat
2024-03-12 23:35:40,https://www.m-job.ma/offres-emploi/119664-conseillers-commerciaux-experts-en-assurancemutuelle-sante-salaire-jusqua-30-000-dhs-courtier-francais-90-rabat
2024-03-12 23:35:47,https://www.m-job.ma/offres-emploi/119663-conseillers-commerciaux-experts-en-assurance-sante-auto-decennale-rem-jusqua-35-000-dhs-29-rabat
2024-03-12 23:35:54,https://www.m-job.ma/offres-emploi/119662-agent-de-developpementkasabt-tadla-kasba tadla
2024-03-12 23:36:01,https://www.m-job.ma/offres-emploi/119656-conseiller-en-assurance-automobile-67-rabat
2024-03-12 23:36:08,https://www.m-job.ma/offres-emploi/119654-commerciaux-sedentaires-en-assurances-5000dhs-nets-primes-deplafonnees-transport-assure-22-casablanca
2024-03-12 23:36:14,https://www.m-job.ma/offres-emploi/119653-infographiste-etou-editeur-de-videos-marrakech
2024-03-12 23:36:20,https://www.m-job.ma/offres-emploi/119652-conducteur-de-travaux-3-agadir
2024-03-12 23:36:27,https://www.m-job.ma/offres-emploi/119650-charges-clientele-reception-dappels-4500dhsprimes-23-casablanca
2024-03-12 23:36:35,https://www.m-job.ma/offres-emploi/119647-commerciaux-5500dhs-centre-ville-emissions-dappels-2-casablanca
2024-03-12 23:36:42,https://www.m-job.ma/offres-emploi/119646-charges-clientele-bilingues-anglais-francais5500dhsprimes-2-marrakech
2024-03-12 23:36:48,https://www.m-job.ma/offres-emploi/119644-secretaire-de-direction-rabat-stage-de-pre-embauche-2-rabat
2024-03-12 23:36:55,https://www.m-job.ma/offres-emploi/119643-charges-de-clientele-en-reception-dappels-francoanglophone-ou-germano-anglophone-a-marrakech-et-agadir-marrakech
2024-03-12 23:37:02,https://www.m-job.ma/offres-emploi/119642-televendeurs-francophones-experts-en-televente-avec-primes-deplafonnees-a-salerabat-rabat
2024-03-12 23:37:10,https://www.m-job.ma/offres-emploi/119641-charges-de-clientele-francophones-en-reception-dappels-a-casablanca-5-casablanca
2024-03-12 23:37:16,https://www.m-job.ma/offres-emploi/119640-televendeur-en-mutuelle-sante-2-casablanca
2024-03-12 23:37:24,https://www.m-job.ma/offres-emploi/119636-conseiller-expert-en-assurance-sante-19-casablanca
2024-03-12 23:37:30,https://www.m-job.ma/offres-emploi/119637-responsable-marketing-communication-digitale-hf-4-casablanca
2024-03-12 23:37:36,https://www.m-job.ma/offres-emploi/119635-televendeur-btob-fai-mohammedia
2024-03-12 23:37:42,https://www.m-job.ma/offres-emploi/119634-televendeurs-en-mutuelle-sante-3-mohammedia
2024-03-12 23:37:50,https://www.m-job.ma/offres-emploi/119633-courtier-francais-en-assurance-recrute-en-cdi-commerciaux-en-assurance-sante-et-auto-rem-jusqua-30-000-dhs-26-rabat
2024-03-12 23:37:57,https://www.m-job.ma/offres-emploi/119632-conseillers-commerciaux-experts-en-assurancemutuelle-sante-salaire-jusqua-30-000-dhs-courtier-francais-89-rabat
2024-03-12 23:38:04,https://www.m-job.ma/offres-emploi/119631-conseillers-commerciaux-experts-en-assurance-sante-auto-decennale-rem-jusqua-35-000-dhs-28-rabat
2024-03-12 23:38:11,https://www.m-job.ma/offres-emploi/119630-televendeur-en-mutuelle-sante-casablanca
2024-03-12 23:38:17,https://www.m-job.ma/offres-emploi/119629-technicien-de-maintenance-a-fes-2-fes
2024-03-12 23:38:24,https://www.m-job.ma/offres-emploi/119628-commerciaux-sedentaires-en-assurances-5000dhs-nets-primes-deplafonnees-transport-assure-21-casablanca
2024-03-12 23:38:30,https://www.m-job.ma/offres-emploi/119627-feniassur-opportunite-unique-rejoignez-la-famille-decennale-avec-des-primes-allant-jusquau-25000-dh-2-rabat
2024-03-12 23:38:37,https://www.m-job.ma/offres-emploi/119626-teleconseillers-expert-en-b2b-en-energies-week-end-off5000netprimes-non-plafonnee-kenitra
2024-03-12 23:38:43,https://www.m-job.ma/offres-emploi/119625-chargee-des-achats-et-moyens-generaux-2-casablanca
2024-03-12 23:38:52,https://www.m-job.ma/offres-emploi/119624-commerciaux-assurance-auto-2-rabat
2024-03-12 23:38:58,https://www.m-job.ma/offres-emploi/119623-profil-b2b-rabat
2024-03-12 23:39:05,https://www.m-job.ma/offres-emploi/119621-gonseiller-sav-casablanca
2024-03-12 23:39:12,https://www.m-job.ma/offres-emploi/119620-commercial-sedentaire-b-to-b-9-casablanca
2024-03-12 23:39:18,https://www.m-job.ma/offres-emploi/119618-informaticien-8-casablanca
2024-03-12 23:39:25,https://www.m-job.ma/offres-emploi/119617-conseiller-commercial-en-assurance-70-casablanca
2024-03-12 23:39:32,https://www.m-job.ma/offres-emploi/119616-commerciaux-experimentes-en-mutuelle-sante-et-prevoyance-2-casablanca
2024-03-12 23:39:39,https://www.m-job.ma/offres-emploi/119615-conseillers-commerciaux-experimentes-5-casablanca
2024-03-12 23:39:46,https://www.m-job.ma/offres-emploi/119606-conseillers-commerciaux-experts-en-assurance-sante-auto-decennale-rem-jusqua-35-000-dhs-27-rabat
2024-03-12 23:39:53,https://www.m-job.ma/offres-emploi/119605-sur-marrakech-on-recrute-en-reception-des-profils-bilungue-marrakech
2024-03-12 23:40:01,https://www.m-job.ma/offres-emploi/119604-on-recrute-en-reception-des-profils-francophone-sur-casa-casablanca
2024-03-12 23:40:08,https://www.m-job.ma/offres-emploi/119614-experts-en-decennale-salaire-de-6000dh-primes-deplafonnees-rabat
2024-03-12 23:40:15,https://www.m-job.ma/offres-emploi/119613-conseiller-en-retention-et-fidelisation-gestionnaire-en-assurance-sante-rabat
2024-03-12 23:40:22,https://www.m-job.ma/offres-emploi/119612-conseiller-en-assurance-automobile-salaire-de-4000dh-a-7000dh-primes-2-rabat
2024-03-12 23:40:29,https://www.m-job.ma/offres-emploi/119611-agent-back-office-anglophone-7-casablanca
2024-03-12 23:40:36,https://www.m-job.ma/offres-emploi/119610-courtier-francais-en-assurance-recrute-en-cdi-commerciaux-en-assurance-sante-et-auto-rem-jusqua-30-000-dhs-25-rabat
2024-03-12 23:40:43,https://www.m-job.ma/offres-emploi/119608-conseillers-commerciaux-experts-en-assurancemutuelle-sante-salaire-jusqua-30-000-dhs-courtier-francais-88-rabat
2024-03-12 23:40:50,https://www.m-job.ma/offres-emploi/119603-recrutement-immediat-des-televendeurs-experts-en-assurance-sante-35-casablanca
2024-03-12 23:40:58,https://www.m-job.ma/offres-emploi/119601-francophones-en-reception-dappels-a-casablanca-10-casablanca
2024-03-12 23:41:05,https://www.m-job.ma/offres-emploi/119600-francophones-en-reception-dappels-a-marrakech-7-marrakech
2024-03-12 23:41:19,https://www.m-job.ma/offres-emploi/119599-marketing-rabat
2024-03-12 23:41:25,https://www.m-job.ma/offres-emploi/119598-delegue-medical-pour-produits-esthetiques-4-fes
2024-03-12 23:41:33,https://www.m-job.ma/offres-emploi/119597-teleconseillers-en-assurance-76-rabat
2024-03-12 23:41:39,https://www.m-job.ma/offres-emploi/119595-commercial-btoc-hf-rabat
2024-03-12 23:41:45,https://www.m-job.ma/offres-emploi/119590-ingenieur-chargee-daffaire-casablanca
2024-03-12 23:41:51,https://www.m-job.ma/offres-emploi/119589-commerciaux-en-assurances-mutuelle-et-prevoyance-casablanca
2024-03-12 23:41:59,https://www.m-job.ma/offres-emploi/119588-courtier-francais-en-assurance-recrute-en-cdi-commerciaux-en-assurance-sante-et-auto-rem-jusqua-30-000-dhs-24-rabat
2024-03-12 23:42:06,https://www.m-job.ma/offres-emploi/119587-conseillers-commerciaux-experts-en-assurancemutuelle-sante-salaire-jusqua-30-000-dhs-courtier-francais-87-rabat
2024-03-12 23:42:13,https://www.m-job.ma/offres-emploi/119585-conseillers-commerciaux-experts-en-assurance-sante-auto-decennale-rem-jusqua-35-000-dhs-26-rabat
2024-03-12 23:42:20,https://www.m-job.ma/offres-emploi/119582-expert-en-assurances-rc-decennale-mrp-rc-pro-4-rabat
2024-03-12 23:42:27,https://www.m-job.ma/offres-emploi/119581-commerciaux-en-assurance-auto-commerciaux-en-assurance-decennale-kenitra-salé
2024-03-12 23:42:34,https://www.m-job.ma/offres-emploi/119580-commerciaux-en-assurances-rc-decennale-et-automobile-2-kenitra
2024-03-12 23:42:40,https://www.m-job.ma/offres-emploi/119578-comptable-confirmee-9-casablanca
2024-03-12 23:42:46,https://www.m-job.ma/offres-emploi/119577-caissiercaissiere-casablanca
2024-03-12 23:42:52,https://www.m-job.ma/offres-emploi/119576-chargee-des-achats-et-moyens-generaux-casablanca
2024-03-12 23:43:00,https://www.m-job.ma/offres-emploi/119575-commerciaux-assurance-auto-meknes
2024-03-12 23:43:07,https://www.m-job.ma/offres-emploi/119574-freelance-commerciaux-francophones-expert-en-assurance-auto-reception-dappels-hf-rabatsale-primes-deplafonnees-11-temara
2024-03-12 23:43:15,https://www.m-job.ma/offres-emploi/119573-freelance-commerciaux-francophones-expert-en-assurance-auto-reception-dappels-hf-rabatsale-primes-deplafonnees-10-salé
2024-03-12 23:43:22,https://www.m-job.ma/offres-emploi/119572-freelance-commerciaux-francophones-expert-en-assurance-auto-reception-dappels-hf-rabatsale-primes-deplafonnees-9-rabat
2024-03-12 23:43:29,https://www.m-job.ma/offres-emploi/119571-teleconseillers-5500dhs-centre-ville-emissions-dappels-week-end-off-casablanca
2024-03-12 23:43:37,https://www.m-job.ma/offres-emploi/119570-charges-clientele-reception-dappels-4500dhsprimes-22-casablanca
2024-03-12 23:43:44,https://www.m-job.ma/offres-emploi/119569-eleconseillers-sur-amadeus-multilingue-franophones-ou-anglophones-ou-italo-ou-hispano-casablanca
2024-03-12 23:43:50,https://www.m-job.ma/offres-emploi/119568-charges-de-clientele-pour-la-prise-de-rendez-vous-commercial-tanger-100-teletravail-6-tanger
2024-03-12 23:43:58,https://www.m-job.ma/offres-emploi/119567-televendeurs-francophones-experts-en-televente-avec-primes-deplafonnees-a-sale-rabat
2024-03-12 23:44:04,https://www.m-job.ma/offres-emploi/119566-agents-de-reservation-en-reception-dappels-francoanglophones-a-marrakechagadirmeknes-et-fes-meknes
2024-03-12 23:44:12,https://www.m-job.ma/offres-emploi/119565-charges-de-clientele-francophones-en-reception-dappels-a-casablanca-4-casablanca
2024-03-12 23:44:18,https://www.m-job.ma/offres-emploi/119564-agent-de-support-3-tanger
2024-03-12 23:44:25,https://www.m-job.ma/offres-emploi/119563-teleconseillers-en-emission-et-reception-dappels-3-casablanca
2024-03-12 23:44:33,https://www.m-job.ma/offres-emploi/119562-courtier-francais-en-assurance-recrute-en-cdi-commerciaux-en-assurance-sante-et-auto-rem-jusqua-30-000-dhs-23-rabat
2024-03-12 23:44:40,https://www.m-job.ma/offres-emploi/119561-conseillers-commerciaux-experts-en-assurance-sante-auto-decennale-rem-jusqua-35-000-dhs-25-rabat
2024-03-12 23:44:48,https://www.m-job.ma/offres-emploi/119560-conseillers-commerciaux-experts-en-assurancemutuelle-sante-salaire-jusqua-30-000-dhs-courtier-francais-86-rabat
2024-03-12 23:44:54,https://www.m-job.ma/offres-emploi/119558-charge-marketing-digital-gestion-des-reseaux-sociaux-casablanca
2024-03-12 23:45:02,https://www.m-job.ma/offres-emploi/119555-freelance-commerciaux-francophones-expert-en-assurance-auto-reception-dappels-hf-rabatsale-primes-deplafonnees-8-rabat
2024-03-12 23:45:08,https://www.m-job.ma/offres-emploi/119550-groupe-robelbois-developpeur-webapplicatif-casablanca
2024-03-12 23:45:15,https://www.m-job.ma/offres-emploi/119549-teleconseillers-francophones-pour-la-vente-dassurance-casablanca
2024-03-12 23:45:22,https://www.m-job.ma/offres-emploi/119548-recrutement-immediat-des-televendeurs-experts-en-assurance-sante-34-casablanca
2024-03-12 23:45:28,https://www.m-job.ma/offres-emploi/119547-agent-de-billetterie-maitrisant-le-logiciel-amadeus-2-casablanca
2024-03-12 23:45:35,https://www.m-job.ma/offres-emploi/119546-agent-de-billetterie-maitrisant-le-logiciel-amadeus-casablanca
2024-03-12 23:45:41,https://www.m-job.ma/offres-emploi/119545-hispanophone-sur-tanger-et-tetouan-en-reception-urgent-tanger
2024-03-12 23:45:48,https://www.m-job.ma/offres-emploi/119543-freelance-televendeurs-en-mutuelle-recherches-meknes
2024-03-12 23:46:01,https://www.m-job.ma/offres-emploi/119542-chef-de-plateau-base-sur-casablanca-2-casablanca
2024-03-12 23:46:09,https://www.m-job.ma/offres-emploi/119540-courtier-francais-en-assurance-recrute-en-cdi-commerciaux-en-assurance-sante-et-auto-rem-jusqua-30-000-dhs-22-rabat
2024-03-12 23:46:16,https://www.m-job.ma/offres-emploi/119539-conseillers-commerciaux-experts-en-assurance-sante-auto-decennale-rem-jusqua-35-000-dhs-24-rabat
2024-03-12 23:46:23,https://www.m-job.ma/offres-emploi/119537-conseillers-commerciaux-experts-en-assurancemutuelle-sante-salaire-jusqua-30-000-dhs-courtier-francais-85-rabat
2024-03-12 23:46:29,https://www.m-job.ma/offres-emploi/119535-rendez-vous-b2b-rabat
2024-03-12 23:46:35,https://www.m-job.ma/offres-emploi/119534-formateur-en-comptabilite-kenitra-3-kenitra
2024-03-12 23:46:41,https://www.m-job.ma/offres-emploi/119533-une-qualiticienne-experte-en-domaine-des-assurances-kenitra
2024-03-12 23:46:48,https://www.m-job.ma/offres-emploi/119523-conseillers-commerciaux-experts-en-assurancemutuelle-sante-salaire-jusqua-30-000-dhs-courtier-francais-84-rabat
2024-03-12 23:46:54,https://www.m-job.ma/offres-emploi/119528-televendeusestelevendeurs-2-tanger
2024-03-12 23:47:01,https://www.m-job.ma/offres-emploi/119527-developpeur-full-stack-10-tanger
2024-03-12 23:47:07,https://www.m-job.ma/offres-emploi/119526-medecin-ou-pharmacien-sur-casablanca-casablanca
2024-03-12 23:47:15,https://www.m-job.ma/offres-emploi/119525-courtier-francais-en-assurance-recrute-en-cdi-commerciaux-en-assurance-sante-et-auto-rem-jusqua-30-000-dhs-21-rabat
2024-03-12 23:47:23,https://www.m-job.ma/offres-emploi/119524-conseillers-commerciaux-experts-en-assurance-sante-auto-decennale-rem-jusqua-35-000-dhs-23-rabat
2024-03-12 23:47:29,https://www.m-job.ma/offres-emploi/119522-formateur-en-bureautique-rabat-rabat
2024-03-12 23:47:36,https://www.m-job.ma/offres-emploi/119521-feniassur-opportunite-unique-rejoignez-la-famille-decennale-avec-des-primes-allant-jusquau-25000-dh-rabat
2024-03-12 23:47:43,https://www.m-job.ma/offres-emploi/119520-gestionnaire-en-mutuelle-sante-retention-et-fidelisation-2-rabat
2024-03-12 23:47:51,https://www.m-job.ma/offres-emploi/119519-conseiller-commercial-en-retention-et-defense-portefeuille-client-rabat
2024-03-12 23:47:58,https://www.m-job.ma/offres-emploi/119518-commerciaux-en-assurance-automobile-salaire-de-4000dh-a-7000dh-primes-rabat
2024-03-12 23:48:04,https://www.m-job.ma/offres-emploi/119517-formateurtrice-adobe-photoshop-casablanca
2024-03-12 23:48:10,https://www.m-job.ma/offres-emploi/119516-here2help-recrute-des-charges-de-clienteles-2-rabat
2024-03-12 23:48:19,https://www.m-job.ma/offres-emploi/119515-responsable-production-base-sur-casablanca-casablanca
2024-03-12 23:48:25,https://www.m-job.ma/offres-emploi/119514-chef-de-plateau-base-sur-casablanca-casablanca
2024-03-12 23:48:33,https://www.m-job.ma/offres-emploi/119511-conseillers-client-bilingues-frang-sur-marrakech-reception-dappels-marrakech
2024-03-12 23:48:40,https://www.m-job.ma/offres-emploi/119510-conseiller-client-en-reception-dappels-sur-casablanca-casablanca
2024-03-12 23:48:46,https://www.m-job.ma/offres-emploi/119509-formateur-en-comptabilite-rabat-6-rabat
2024-03-12 23:48:54,https://www.m-job.ma/offres-emploi/119508-conseillers-commerciaux-120-kenitra
2024-03-12 23:49:01,https://www.m-job.ma/offres-emploi/119507-charges-de-clientele-francophones-en-reception-dappels-a-casablanca-3-casablanca
2024-03-12 23:49:08,https://www.m-job.ma/offres-emploi/119505-agents-de-reservation-en-reception-dappels-francoanglophones-a-marrakech-et-agadir-marrakech
2024-03-12 23:49:15,https://www.m-job.ma/offres-emploi/119504-teleconseillers-francophones-en-receptionemission-dappels-a-sale-kenitra-meknes-et-fes-meknes
2024-03-12 23:49:22,https://www.m-job.ma/offres-emploi/119502-freelance-commerciaux-francophones-expert-en-assurance-auto-reception-dappels-hf-rabatsale-primes-deplafonnees-7-rabat
2024-03-12 23:49:29,https://www.m-job.ma/offres-emploi/119501-charges-clientele-bilingues-anglais-francais5500dhsprimes-casablanca
2024-03-12 23:49:36,https://www.m-job.ma/offres-emploi/119499-commerciaux-5500dhs-centre-ville-emissions-dappels-casablanca
2024-03-12 23:49:43,https://www.m-job.ma/offres-emploi/119498-charges-clientele-reception-dappels-4500dhsprimes-21-casablanca
2024-03-12 23:49:50,https://www.m-job.ma/offres-emploi/119497-responsable-production-en-urgence-casablanca
2024-03-12 23:49:56,https://www.m-job.ma/offres-emploi/119496-chef-de-plateau-en-urgence-casablanca
2024-03-12 23:50:02,https://www.m-job.ma/offres-emploi/119495-recrutement-immediat-des-televendeurs-experts-en-assurance-sante-33-casablanca
2024-03-12 23:50:10,https://www.m-job.ma/offres-emploi/119494-conseillers-commerciaux-experts-en-assurance-sante-auto-decennale-rem-jusqua-35-000-dhs-22-rabat
2024-03-12 23:50:17,https://www.m-job.ma/offres-emploi/119493-conseillers-commerciaux-experts-en-assurancemutuelle-sante-salaire-jusqua-30-000-dhs-courtier-francais-83-rabat
2024-03-12 23:50:24,https://www.m-job.ma/offres-emploi/119492-francophones-en-reception-dappels-a-casablanca-9-casablanca
2024-03-12 23:50:31,https://www.m-job.ma/offres-emploi/119491-parfaitement-franco-anglo-en-receptions-dappel-a-marrakech-marrakech
2024-03-12 23:50:41,https://www.m-job.ma/offres-emploi/119490-gestionnaire-senior-du-service-client-centre-dappels-experimente-rabat
2024-03-12 23:50:48,https://www.m-job.ma/offres-emploi/119489-conseiller-senior-en-relation-clientele-rabat
2024-03-12 23:50:54,https://www.m-job.ma/offres-emploi/119487-freelancer-assurances-meknes
2024-03-12 23:51:00,https://www.m-job.ma/offres-emploi/119486-televendeurs-en-mutuelle-recherches-sur-mohammedia-3-mohammedia
2024-03-12 23:51:06,https://www.m-job.ma/offres-emploi/119485-cabinet-de-courtage-recrutement-en-masse-mohammedia-2-mohammedia
2024-03-12 23:51:13,https://www.m-job.ma/offres-emploi/119484-teleonseillers-francophones-experimentes-en-televente-rabat
2024-03-12 23:51:19,https://www.m-job.ma/offres-emploi/119483-teleconseillers-francophones-experimentes-en-televente-2-casablanca
2024-03-12 23:51:26,https://www.m-job.ma/offres-emploi/119482-teleconseillers-francophones-experimentes-en-energies-renouvelables-casablanca
2024-03-12 23:51:33,https://www.m-job.ma/offres-emploi/119480-conseillers-sedentaires-kenitra
2024-03-12 23:51:40,https://www.m-job.ma/offres-emploi/119477-conseiller-commercial-49-casablanca
2024-03-12 23:51:46,https://www.m-job.ma/offres-emploi/119473-commercial-terrain-37-casablanca
2024-03-12 23:51:53,https://www.m-job.ma/offres-emploi/119472-expert-en-assurances-rc-decennale-mrp-rc-pro-3-rabat
2024-03-12 23:52:00,https://www.m-job.ma/offres-emploi/119471-conseillers-commerciaux-experts-en-assurancemutuelle-sante-salaire-jusqua-30-000-dhs-courtier-francais-82-rabat
2024-03-12 23:52:07,https://www.m-job.ma/offres-emploi/119470-conseillers-commerciaux-experts-en-assurance-sante-auto-decennale-rem-jusqua-35-000-dhs-21-rabat
2024-03-12 23:52:15,https://www.m-job.ma/offres-emploi/119469-courtier-francais-en-assurance-recrute-en-cdi-commerciaux-en-assurance-sante-et-auto-rem-jusqua-30-000-dhs-20-rabat
2024-03-12 23:52:21,https://www.m-job.ma/offres-emploi/119467-gestionnaire-rh-paie-casablanca
2024-03-12 23:52:27,https://www.m-job.ma/offres-emploi/119466-technicien-de-maintenance-meknes-meknes
2024-03-12 23:52:34,https://www.m-job.ma/offres-emploi/119465-experts-en-mutuelle-sante-salaire-de-6000dh-a-11000-primes-2-rabat
2024-03-12 23:52:41,https://www.m-job.ma/offres-emploi/119464-experts-en-assurance-automobile-salaire-de-6000dh-primes-deplafonnees-rabat
2024-03-12 23:52:48,https://www.m-job.ma/offres-emploi/119463-conseiller-pedagogique-hf-rabat
2024-03-12 23:53:02,https://www.m-job.ma/offres-emploi/119462-televendeur-avec-francais-quasi-parfait-rabat
2024-03-12 23:53:09,https://www.m-job.ma/offres-emploi/119461-enseignante-de-francais-pour-maternelle-tanger
2024-03-12 23:53:17,https://www.m-job.ma/offres-emploi/119456-courtier-francais-en-assurance-recrute-en-cdi-commerciaux-en-assurance-sante-et-auto-rem-jusqua-30-000-dhs-19-rabat
2024-03-12 23:53:24,https://www.m-job.ma/offres-emploi/119455-conseillers-commerciaux-experts-en-assurance-sante-auto-decennale-rem-jusqua-35-000-dhs-20-rabat
2024-03-12 23:53:31,https://www.m-job.ma/offres-emploi/119454-expert-en-assurances-rc-decennale-mrp-rc-pro-2-rabat
2024-03-12 23:53:38,https://www.m-job.ma/offres-emploi/119453-experts-en-mutuelle-sante-salaire-de-6000dh-a-11000dh-primes-8-rabat
2024-03-12 23:53:45,https://www.m-job.ma/offres-emploi/119450-teleconseiller-service-vente-bilingue-17-rabat
2024-03-12 23:53:51,https://www.m-job.ma/offres-emploi/119449-teleconseiller-support-technique-bilingue-23-rabat
2024-03-12 23:53:58,https://www.m-job.ma/offres-emploi/119448-teleconseiller-service-client-bilingue-16-rabat
2024-03-12 23:54:05,https://www.m-job.ma/offres-emploi/119447-formateur-en-comptabilite-kenitra-2-kenitra
2024-03-12 23:54:12,https://www.m-job.ma/offres-emploi/119446-charges-de-clienteles-en-reception-dappels-francophone-et-francoanglophone-a-marrakech-et-agadir-marrakech
2024-03-12 23:54:19,https://www.m-job.ma/offres-emploi/119445-teleconseiller-francophone-en-receptionemission-dappels-a-sale-kenitra-meknes-et-fes-meknes
2024-03-12 23:54:27,https://www.m-job.ma/offres-emploi/119444-charges-de-clientele-francophones-en-reception-dappels-a-casablanca-2-casablanca
2024-03-12 23:54:34,https://www.m-job.ma/offres-emploi/119443-conseiller-en-assurance-automobile-salaire-de-4000dh-a-7000dh-primes-deplafonnees-rabat
2024-03-12 23:54:41,https://www.m-job.ma/offres-emploi/119442-commerciaux-experts-en-assurance-automobile-salaire-de-6000dh-primes-deplafonnees-rabat-agdal-rabat
2024-03-12 23:54:48,https://www.m-job.ma/offres-emploi/119441-expert-en-assurance-decennale-kenitra
2024-03-12 23:54:55,https://www.m-job.ma/offres-emploi/119440-courtier-dassurance-recrute-des-experts-en-mutuelle-sante-casablanca
2024-03-12 23:55:02,https://www.m-job.ma/offres-emploi/119439-conseillers-commerciaux-experts-en-assurancemutuelle-sante-salaire-jusqua-30-000-dhs-courtier-francais-81-rabat
2024-03-12 23:55:09,https://www.m-job.ma/offres-emploi/119438-conseillers-commerciaux-experts-en-assurance-sante-auto-decennale-rem-jusqua-35-000-dhs-19-rabat
2024-03-12 23:55:15,https://www.m-job.ma/offres-emploi/119437-ambassadeur-casablanca
2024-03-12 23:55:24,https://www.m-job.ma/offres-emploi/119436-courtier-francais-en-assurance-recrute-en-cdi-commerciaux-en-assurance-sante-et-auto-rem-jusqua-30-000-dhs-18-rabat
2024-03-12 23:55:31,https://www.m-job.ma/offres-emploi/119435-charges-clientele-reception-dappels-7-marrakech
2024-03-12 23:55:38,https://www.m-job.ma/offres-emploi/119434-commerciaux-5500dhs-centre-ville-3-casablanca
2024-03-12 23:55:45,https://www.m-job.ma/offres-emploi/119433-charges-clientele-reception-dappels-6-casablanca
2024-03-12 23:55:53,https://www.m-job.ma/offres-emploi/119431-freelance-commerciaux-francophones-expert-en-assurance-auto-reception-dappels-hf-rabatsale-primes-deplafonnees-6-rabat
2024-03-12 23:55:59,https://www.m-job.ma/offres-emploi/119430-comptable-confirme-hf-11-casablanca
2024-03-12 23:56:06,https://www.m-job.ma/offres-emploi/119429-commercial-74-casablanca
2024-03-12 23:56:13,https://www.m-job.ma/offres-emploi/119428-charges-clientele-reception-dappels-4500dhsprimes-20-casablanca
2024-03-14 12:04:21,https://www.m-job.ma/offres-emploi/120270-teleconseillers-debutants-28-rabat
2024-03-14 12:04:29,https://www.m-job.ma/offres-emploi/120272-marrakech-cc-germanophones-en-reception-dappels-2-marrakech
2024-03-14 12:04:37,https://www.m-job.ma/offres-emploi/120271-assurance-francophone-en-reception-gestion-des-dossiers-de-sinistres-casa-3-casablanca
2024-03-14 12:04:44,https://www.m-job.ma/offres-emploi/120269-casablanca-teleconseillers-francophones-pour-service-client-a-casanearshore-13-casablanca
2024-03-14 12:04:52,https://www.m-job.ma/offres-emploi/120268-marrakech-charges-de-clientele-en-langue-allemande-reception-dappels-5-marrakech
2024-03-14 12:05:00,https://www.m-job.ma/offres-emploi/120267-casablanca-conseillers-commerciaux-en-reception-dappels-primes-illimitees-7-casablanca
2024-03-14 12:05:08,https://www.m-job.ma/offres-emploi/120266-casablanca-4500-dhs-primes-assurance-francophone-en-reception-dappels-14-casablanca
2024-03-14 12:05:16,https://www.m-job.ma/offres-emploi/120265-casablanca-reception-dappel-parfaitement-francophone-service-client-16-casablanca
2024-03-14 12:05:23,https://www.m-job.ma/offres-emploi/120264-charges-de-clientele-franco-anglophones-et-germanophones-a-marrakech-marrakech
2024-03-14 12:05:30,https://www.m-job.ma/offres-emploi/120263-teleconseillers-francophones-en-emission-dappels-primes-deplafonnees-3-meknes
2024-03-14 12:05:37,https://www.m-job.ma/offres-emploi/120262-charges-de-clientele-francophones-en-reception-dappels-a-casablanca-7-casablanca
2024-03-14 12:05:43,https://www.m-job.ma/offres-emploi/120261-chargee-des-achats-et-moyens-generaux-4-casablanca
2024-03-14 12:05:51,https://www.m-job.ma/offres-emploi/120260-marrakech-cc-germanophones-en-reception-dappels-contrat-cdi-marrakech
2024-03-14 12:05:59,https://www.m-job.ma/offres-emploi/120259-casablanca-gestionnaires-de-sinistre-conseillers-en-assurance-francophone-en-reception-dappels-6-casablanca
2024-03-14 12:06:07,https://www.m-job.ma/offres-emploi/120258-casablanca-teleconseillers-francophones-pour-service-client-a-casanearshore-12-casablanca
2024-03-14 12:06:13,https://www.m-job.ma/offres-emploi/120257-gouvernante-detage-agadir
2024-03-14 12:06:19,https://www.m-job.ma/offres-emploi/120256-teletravail-rabat
2024-03-14 12:06:26,https://www.m-job.ma/offres-emploi/120255-conseillers-commerciaux-experts-en-assurancemutuelle-sante-salaire-jusqua-30-000-dhs-courtier-francais-107-rabat
2024-03-14 12:06:34,https://www.m-job.ma/offres-emploi/120254-conseillers-commerciaux-experts-en-assurance-sante-auto-decennale-rem-jusqua-35-000-dhs-46-rabat
2024-03-14 12:06:40,https://www.m-job.ma/offres-emploi/120242-formateur-en-comptabilite-rabat-9-rabat
2024-03-14 12:06:49,https://www.m-job.ma/offres-emploi/120241-expert-en-assurances-rc-decennale-mrp-rc-pro-7-rabat
2024-03-14 12:06:56,https://www.m-job.ma/offres-emploi/120253-courtier-francais-en-assurance-recrute-en-cdi-commerciaux-en-assurance-sante-et-auto-rem-jusqua-30-000-dhs-44-rabat
2024-03-14 12:07:03,https://www.m-job.ma/offres-emploi/120249-teleconseillere-bilingues-en-reception-dappel-casablanca
2024-03-14 12:07:11,https://www.m-job.ma/offres-emploi/120248-marrakech-charges-de-clientele-en-langue-allemande-reception-dappels-3-marrakech
2024-03-14 12:07:18,https://www.m-job.ma/offres-emploi/120247-agent-bilingue-en-reception-et-traitement-des-leads-2-casablanca
2024-03-15 11:41:16,https://www.m-job.ma/offres-emploi/120282-informaticien-9-casablanca
2024-03-15 11:41:22,https://www.m-job.ma/offres-emploi/120281-consseillers-en-assurances-rabat
2024-03-15 11:41:28,https://www.m-job.ma/offres-emploi/120280-data-engineer-tanger
2024-03-15 11:41:34,https://www.m-job.ma/offres-emploi/120279-ingenieur-qualite-5-casablanca
2024-03-15 11:41:42,https://www.m-job.ma/offres-emploi/120287-marrakech-charges-de-clientele-germanophone-en-reception-dappels-4-marrakech
2024-03-15 11:41:48,https://www.m-job.ma/offres-emploi/120291-recherche-dun-responsable-demergement-mohammedia
2024-03-15 11:41:55,https://www.m-job.ma/offres-emploi/120290-marrakech-charges-de-clientele-germanophone-en-reception-dappels-5-marrakech
2024-03-15 11:42:03,https://www.m-job.ma/offres-emploi/120289-casa-teleconseillers-francophones-en-reception-dappels-primes-deplafonnees-5-casablanca
2024-03-15 11:42:11,https://www.m-job.ma/offres-emploi/120288-casa-conseillers-francophones-en-assurances-reception-dappels-13-casablanca
2024-03-15 11:42:18,https://www.m-job.ma/offres-emploi/120286-marrakech-charges-de-clientele-en-langue-allemande-reception-dappels-6-marrakech
2024-03-15 11:42:26,https://www.m-job.ma/offres-emploi/120285-casa-conseiller-client-francophone-service-apres-vente-automobile-7-casablanca
2024-03-15 11:42:34,https://www.m-job.ma/offres-emploi/120284-casa-assurance-francophone-en-reception-dappels-gestion-des-dossiers-de-sinistres-casablanca
2024-03-15 11:42:42,https://www.m-job.ma/offres-emploi/120283-casa-reception-dappels-francophones-service-client-mobile-a-casanearshore-6-casablanca
2024-03-15 11:42:49,https://www.m-job.ma/offres-emploi/120278-marrakech-charges-de-clientele-germanophone-en-reception-dappels-3-marrakech
2024-03-15 11:42:57,https://www.m-job.ma/offres-emploi/120277-casablanca-4500-dhs-primes-assurance-francophone-en-reception-dappels-15-casablanca
2024-03-15 11:43:05,https://www.m-job.ma/offres-emploi/120276-casablanca-reception-dappel-parfaitement-francophone-service-client-17-casablanca
2024-03-15 11:43:15,https://www.m-job.ma/offres-emploi/120275-expert-en-assurances-rc-decennale-mrp-rc-pro-primes-allant-jusqua-30000dh-rabat
2024-03-15 11:43:24,https://www.m-job.ma/offres-emploi/120274-consultante-business-developpeur-en-assurances-a-mohammedia-120-casablanca
2024-03-15 11:43:30,https://www.m-job.ma/offres-emploi/120273-teleconseillere-commerciale-specialistes-assurances-energies-renouvelables-telephonie-mobile-mohamedia-136-casablanca
